customer_id,transaction_date,monetary_value
C0001,2023-02-06,33.22
C0001,2023-03-08,48.44
C0001,2023-06-12,75.85
C0001,2023-06-17,70.35
C0001,2023-08-06,153.32
C0001,2023-10-12,159.37
C0001,2023-10-18,5.83
C0002,2023-03-14,95.45
C0002,2023-05-14,43.8
C0002,2023-06-16,70.02
C0002,2023-10-14,41.92
C0003,2023-03-05,52.95
C0003,2023-03-08,80.33
C0003,2023-05-23,20.84
C0003,2023-08-11,28.94
C0003,2023-09-07,103.81
C0003,2023-10-03,88.21
C0003,2023-11-01,98.67
C0004,2023-04-13,26.77
C0005,2023-01-06,71.12
C0006,2023-03-14,121.98
C0007,2023-06-14,115.41
C0007,2023-08-26,153.84
C0007,2023-11-07,26.93
C0007,2023-11-30,87.39
C0007,2023-12-05,87.92
C0008,2023-01-10,103.23
C0008,2023-01-12,69.14
C0008,2023-02-09,10.81
C0008,2023-06-06,154.54
C0008,2023-06-30,44.69
C0008,2023-07-10,35.44
C0009,2023-02-08,45.27
C0009,2023-03-21,36.46
C0009,2023-04-18,50.37
C0009,2023-06-02,110.22
C0009,2023-06-16,22.59
C0010,2023-01-03,49.05
C0010,2023-06-02,53.05
C0010,2023-07-06,74.96
C0011,2023-01-24,10.35
C0012,2023-04-02,69.63
C0012,2023-04-14,47.71
C0012,2023-04-20,88.46
C0012,2023-07-01,54.22
C0013,2023-01-30,22.36
C0013,2023-06-13,39.73
C0013,2023-07-21,63.02
C0013,2023-08-05,75.06
C0014,2023-04-28,173.24
C0015,2023-02-05,111.71
C0015,2023-05-08,85.79
C0015,2023-10-23,5.56
C0016,2023-02-11,107.95
C0017,2023-07-08,24.39
C0018,2023-02-03,19.89
C0019,2023-05-28,133.03
C0019,2023-11-09,110.47
C0019,2023-11-21,180.29
C0020,2023-01-02,73.03
C0021,2023-03-23,24.71
C0021,2023-03-28,85.6
C0021,2023-04-29,116.01
C0021,2023-09-17,21.33
C0021,2023-09-30,36.53
C0022,2023-05-08,110.23
C0022,2023-06-08,84.01
C0022,2023-06-27,154.69
C0022,2023-08-24,84.14
C0022,2023-11-27,13.77
C0023,2023-01-06,54.84
C0023,2023-06-06,47.0
C0023,2023-12-05,105.71
C0023,2023-12-19,32.08
C0024,2023-01-26,44.88
C0024,2023-03-18,112.3
C0024,2023-04-03,47.11
C0024,2023-05-11,13.48
C0024,2023-09-02,87.92
C0024,2023-11-05,37.71
C0024,2023-12-06,74.01
C0025,2023-08-26,26.23
C0025,2023-09-14,18.7
C0025,2023-10-18,63.27
C0025,2023-11-21,44.13
C0026,2023-04-02,10.76
C0026,2023-11-11,85.69
C0027,2023-01-19,213.08
C0027,2023-02-01,97.2
C0027,2023-07-13,10.31
C0027,2023-08-16,73.59
C0028,2023-01-30,179.66
C0028,2023-03-09,39.44
C0028,2023-04-02,17.79
C0028,2023-09-29,50.99
C0029,2023-04-13,18.34
C0029,2023-07-22,45.88
C0029,2023-08-12,86.63
C0029,2023-09-27,105.56
C0029,2023-12-15,1.22
C0030,2023-01-06,29.45
C0030,2023-01-18,331.74
C0030,2023-04-06,68.79
C0030,2023-08-26,81.41
C0030,2023-11-20,115.08
C0030,2023-12-13,29.19
C0031,2023-05-21,74.44
C0031,2023-12-10,78.21
C0031,2023-12-17,41.2
C0032,2023-05-05,63.75
C0032,2023-09-06,14.85
C0033,2023-09-26,34.83
C0033,2023-10-21,43.27
C0033,2023-11-17,64.08
C0034,2023-03-28,70.32
C0034,2023-03-29,51.64
C0034,2023-07-25,340.58
C0034,2023-07-31,83.89
C0034,2023-09-06,59.65
C0034,2023-09-28,34.13
C0034,2023-11-13,64.37
C0035,2023-09-03,64.46
C0035,2023-10-02,32.88
C0035,2023-10-16,118.27
C0035,2023-10-16,58.72
C0036,2023-09-09,19.9
C0036,2023-11-02,49.49
C0036,2023-11-03,66.98
C0036,2023-11-13,25.67
C0037,2023-05-16,38.16
C0037,2023-10-02,56.02
C0037,2023-10-24,110.71
C0037,2023-12-12,58.19
C0037,2023-12-26,64.19
C0038,2023-09-06,53.07
C0038,2023-09-29,43.64
C0038,2023-10-08,5.65
C0038,2023-10-28,145.36
C0039,2023-01-16,53.16
C0039,2023-01-27,66.09
C0039,2023-07-12,89.56
C0039,2023-11-22,213.98
C0039,2023-12-29,36.66
C0040,2023-12-01,33.5
C0041,2023-03-10,55.17
C0041,2023-06-19,36.91
C0042,2023-04-23,71.87
C0042,2023-07-15,32.85
C0042,2023-09-12,89.23
C0043,2023-06-02,71.48
C0043,2023-08-01,122.4
C0044,2023-02-24,77.95
C0044,2023-05-20,78.1
C0044,2023-08-05,60.32
C0044,2023-10-23,62.58
C0044,2023-12-21,157.58
C0044,2023-12-27,79.8
C0045,2023-03-29,40.11
C0046,2023-03-25,36.31
C0046,2023-05-11,76.3
C0046,2023-08-14,203.81
C0046,2023-09-03,72.8
C0047,2023-06-03,130.38
C0047,2023-06-25,75.86
C0047,2023-08-04,107.28
C0047,2023-08-22,108.56
C0047,2023-10-14,204.29
C0047,2023-10-17,195.77
C0048,2023-11-11,15.07
C0048,2023-12-13,62.58
C0049,2023-03-18,232.96
C0049,2023-05-05,27.47
C0049,2023-05-07,93.01
C0049,2023-07-16,32.47
C0049,2023-07-31,87.92
C0050,2023-01-15,65.67
C0050,2023-03-03,20.01
C0050,2023-04-12,56.9
C0051,2023-02-03,49.66
C0051,2023-04-28,28.54
C0051,2023-06-25,73.35
C0051,2023-07-06,36.42
C0051,2023-09-09,63.46
C0052,2023-01-14,67.53
C0052,2023-04-03,30.83
C0052,2023-06-18,68.57
C0052,2023-09-18,35.38
C0052,2023-09-30,32.68
C0052,2023-11-23,28.5
C0053,2023-03-27,40.17
C0053,2023-05-06,257.72
C0053,2023-05-10,41.15
C0053,2023-06-22,154.66
C0054,2023-05-10,198.07
C0054,2023-05-13,50.31
C0054,2023-07-28,55.03
C0054,2023-08-24,49.55
C0054,2023-12-27,48.4
C0055,2023-01-07,64.61
C0055,2023-01-19,87.04
C0055,2023-07-30,78.46
C0055,2023-09-12,179.81
C0055,2023-11-04,32.54
C0055,2023-11-24,97.48
C0055,2023-12-30,119.08
C0056,2023-01-19,104.92
C0056,2023-02-19,41.88
C0056,2023-02-26,104.68
C0056,2023-05-03,38.0
C0056,2023-06-25,242.59
C0056,2023-07-14,72.79
C0057,2023-01-18,69.03
C0057,2023-09-21,91.43
C0057,2023-12-05,100.85
C0058,2023-05-11,133.78
C0058,2023-07-10,48.59
C0058,2023-08-31,12.44
C0058,2023-10-25,50.68
C0058,2023-11-17,80.53
C0059,2023-01-25,55.8
C0059,2023-03-25,173.17
C0059,2023-05-02,63.58
C0059,2023-06-07,108.86
C0059,2023-07-18,120.57
C0059,2023-09-24,98.64
C0060,2023-05-05,32.55
C0060,2023-10-27,140.0
C0061,2023-01-05,47.28
C0061,2023-05-30,60.18
C0061,2023-07-26,80.51
C0061,2023-08-07,107.96
C0061,2023-08-07,18.69
C0061,2023-09-19,53.84
C0061,2023-10-09,47.45
C0062,2023-07-26,76.69
C0062,2023-09-12,26.54
C0062,2023-09-16,73.46
C0062,2023-12-03,69.52
C0063,2023-03-02,91.76
C0063,2023-03-10,21.57
C0063,2023-03-28,96.19
C0063,2023-04-24,40.95
C0063,2023-05-02,123.39
C0063,2023-11-02,54.68
C0064,2023-03-23,26.89
C0064,2023-06-15,58.64
C0064,2023-09-27,107.39
C0065,2023-03-19,58.3
C0065,2023-03-22,21.97
C0065,2023-04-12,71.8
C0065,2023-06-17,21.48
C0065,2023-07-08,11.86
C0065,2023-07-23,224.23
C0065,2023-12-23,42.82
C0066,2023-01-24,4.15
C0066,2023-06-15,126.1
C0066,2023-10-11,51.01
C0067,2023-04-10,49.94
C0067,2023-07-12,135.29
C0067,2023-10-02,8.5
C0067,2023-10-20,257.5
C0067,2023-11-03,71.8
C0067,2023-11-24,71.53
C0067,2023-12-24,118.48
C0068,2023-02-21,41.83
C0068,2023-05-29,54.29
C0068,2023-08-09,80.7
C0068,2023-10-22,111.48
C0068,2023-12-11,18.74
C0068,2023-12-18,129.4
C0069,2023-04-08,43.78
C0069,2023-04-18,84.27
C0069,2023-05-30,70.18
C0069,2023-06-09,71.87
C0069,2023-07-21,79.56
C0069,2023-08-16,14.95
C0069,2023-12-13,72.84
C0070,2023-09-10,57.21
C0070,2023-11-25,70.47
C0071,2023-04-11,141.86
C0072,2023-07-01,43.23
C0073,2023-08-07,79.89
C0073,2023-11-15,29.99
C0073,2023-11-25,90.24
C0074,2023-05-10,55.56
C0074,2023-06-04,134.24
C0074,2023-10-09,91.94
C0074,2023-12-16,71.05
C0075,2023-01-12,256.26
C0075,2023-01-19,60.85
C0075,2023-03-20,63.47
C0075,2023-04-06,178.75
C0075,2023-08-06,101.53
C0075,2023-09-25,43.19
C0076,2023-01-02,75.09
C0076,2023-02-07,100.57
C0076,2023-04-25,139.94
C0076,2023-10-16,66.77
C0076,2023-10-22,65.5
C0076,2023-12-18,53.27
C0077,2023-08-03,70.54
C0077,2023-12-31,11.28
C0078,2023-04-19,53.42
C0078,2023-06-23,20.6
C0078,2023-11-05,89.73
C0078,2023-11-11,28.98
C0078,2023-12-04,139.34
C0078,2023-12-11,84.97
C0078,2023-12-21,11.6
C0079,2023-06-05,55.84
C0079,2023-07-09,119.64
C0080,2023-07-13,135.36
C0080,2023-11-16,39.25
C0080,2023-12-09,114.67
C0081,2023-02-03,79.87
C0081,2023-05-03,12.58
C0082,2023-01-16,52.64
C0082,2023-03-27,63.48
C0083,2023-02-02,75.9
C0083,2023-03-21,229.64
C0083,2023-10-15,39.87
C0083,2023-12-13,131.36
C0084,2023-01-18,166.08
C0084,2023-05-21,90.51
C0085,2023-12-05,49.87
C0086,2023-01-13,25.73
C0086,2023-06-19,59.3
C0086,2023-08-16,128.46
C0086,2023-09-30,41.79
C0086,2023-11-24,63.64
C0086,2023-12-30,90.04
C0087,2023-05-17,56.53
C0087,2023-05-30,63.55
C0088,2023-01-23,180.81
C0088,2023-02-09,113.87
C0088,2023-11-23,66.6
C0088,2023-12-28,126.94
C0089,2023-02-27,71.03
C0089,2023-03-31,25.84
C0089,2023-11-13,37.42
C0090,2023-02-27,57.9
C0090,2023-10-02,71.7
C0090,2023-11-18,82.68
C0091,2023-01-31,49.13
C0091,2023-03-12,55.71
C0091,2023-04-05,73.74
C0091,2023-04-30,132.73
C0091,2023-07-24,55.11
C0092,2023-01-25,50.25
C0092,2023-02-07,73.02
C0092,2023-04-20,46.02
C0092,2023-09-09,70.81
C0092,2023-12-09,82.6
C0093,2023-05-16,44.44
C0093,2023-10-26,99.79
C0093,2023-10-27,62.9
C0094,2023-01-31,98.15
C0094,2023-03-22,60.72
C0094,2023-04-10,38.98
C0094,2023-08-27,54.92
C0094,2023-09-06,81.82
C0094,2023-09-11,23.92
C0094,2023-10-18,151.87
C0095,2023-03-09,87.5
C0095,2023-10-09,95.69
C0095,2023-10-11,137.24
C0095,2023-11-14,89.2
C0096,2023-08-10,82.51
C0097,2023-01-24,17.22
C0097,2023-04-09,53.52
C0097,2023-08-01,63.89
C0097,2023-10-19,246.7
C0098,2023-09-22,45.47
C0098,2023-10-01,72.46
C0098,2023-10-04,32.48
C0098,2023-11-28,41.63
C0098,2023-12-14,26.38
C0099,2023-07-08,54.68
C0100,2023-03-15,39.3
C0100,2023-04-28,81.81
C0100,2023-05-11,71.04
C0100,2023-12-23,172.82
C0101,2023-09-16,147.21
C0102,2023-08-17,51.29
C0102,2023-10-13,240.43
C0103,2023-01-30,29.26
C0103,2023-06-15,44.32
C0103,2023-07-12,303.52
C0103,2023-08-23,60.83
C0103,2023-09-25,26.83
C0103,2023-10-26,93.24
C0104,2023-03-05,111.72
C0104,2023-03-16,105.16
C0104,2023-06-01,259.96
C0104,2023-08-18,84.96
C0104,2023-11-03,157.06
C0104,2023-11-05,167.69
C0104,2023-12-17,23.34
C0105,2023-02-18,17.79
C0105,2023-03-07,63.88
C0105,2023-09-19,131.76
C0105,2023-09-25,105.38
C0105,2023-11-28,50.27
C0106,2023-01-04,27.03
C0106,2023-11-10,16.52
C0107,2023-01-27,159.96
C0107,2023-03-03,156.35
C0107,2023-03-28,110.24
C0107,2023-05-04,51.81
C0107,2023-06-07,206.6
C0107,2023-07-09,121.94
C0107,2023-10-30,76.13
C0108,2023-02-14,24.24
C0108,2023-12-27,96.93
C0109,2023-07-05,114.44
C0110,2023-02-15,81.53
C0110,2023-02-18,49.09
C0110,2023-02-22,47.9
C0110,2023-05-06,107.43
C0110,2023-07-10,24.66
C0110,2023-07-14,73.46
C0110,2023-12-10,72.65
C0111,2023-09-09,28.11
C0112,2023-02-28,99.21
C0112,2023-05-08,51.32
C0112,2023-07-30,74.54
C0112,2023-08-09,135.36
C0112,2023-09-01,100.73
C0113,2023-10-06,140.21
C0113,2023-10-19,54.13
C0114,2023-04-30,143.8
C0115,2023-03-28,163.23
C0115,2023-05-22,167.81
C0115,2023-06-13,120.57
C0116,2023-07-17,16.31
C0116,2023-11-06,72.85
C0116,2023-12-14,166.35
C0117,2023-01-03,80.44
C0117,2023-01-07,54.47
C0117,2023-03-13,83.9
C0118,2023-03-02,90.91
C0118,2023-03-13,74.57
C0118,2023-06-24,76.89
C0118,2023-07-10,46.04
C0118,2023-08-14,69.12
C0119,2023-02-09,142.03
C0119,2023-03-08,148.3
C0119,2023-07-11,61.74
C0119,2023-09-16,88.15
C0120,2023-03-05,71.34
C0120,2023-05-12,80.01
C0120,2023-07-08,157.05
C0120,2023-08-05,100.64
C0120,2023-08-25,87.37
C0120,2023-10-17,43.01
C0121,2023-02-04,86.01
C0121,2023-03-03,135.46
C0121,2023-03-21,166.27
C0121,2023-09-26,153.1
C0121,2023-11-11,85.08
C0122,2023-01-06,36.51
C0122,2023-05-05,72.76
C0122,2023-06-12,76.75
C0122,2023-08-09,16.29
C0122,2023-09-22,162.79
C0122,2023-10-26,29.5
C0123,2023-03-27,206.9
C0123,2023-07-17,10.73
C0123,2023-10-20,82.96
C0123,2023-11-18,170.37
C0124,2023-03-05,85.31
C0124,2023-03-15,162.99
C0124,2023-07-15,52.37
C0124,2023-07-25,44.16
C0124,2023-09-09,68.28
C0124,2023-12-16,105.89
C0125,2023-02-28,39.29
C0125,2023-04-04,25.71
C0125,2023-07-04,67.69
C0125,2023-08-11,16.66
C0125,2023-10-15,86.91
C0125,2023-11-12,44.28
C0126,2023-02-12,114.62
C0126,2023-03-18,53.01
C0126,2023-10-26,39.74
C0126,2023-12-06,119.39
C0127,2023-02-26,68.93
C0127,2023-03-23,92.25
C0128,2023-06-27,65.46
C0128,2023-08-10,22.58
C0128,2023-10-07,41.63
C0128,2023-11-11,57.09
C0128,2023-12-03,67.53
C0129,2023-02-08,91.31
C0129,2023-04-24,91.89
C0129,2023-06-10,23.22
C0129,2023-07-04,39.09
C0130,2023-01-28,62.27
C0130,2023-03-04,36.59
C0130,2023-04-19,43.26
C0130,2023-06-07,23.4
C0130,2023-08-15,96.75
C0131,2023-02-17,21.4
C0131,2023-06-05,55.57
C0131,2023-07-12,91.96
C0131,2023-08-16,104.62
C0131,2023-11-20,42.72
C0132,2023-03-11,4.59
C0132,2023-04-29,20.96
C0132,2023-08-01,36.82
C0132,2023-08-14,39.14
C0132,2023-08-18,46.79
C0132,2023-09-06,103.0
C0132,2023-11-01,24.22
C0133,2023-06-17,129.62
C0133,2023-10-14,27.01
C0133,2023-10-15,61.18
C0133,2023-11-22,114.76
C0133,2023-12-15,77.99
C0134,2023-02-08,107.08
C0134,2023-06-14,106.69
C0134,2023-11-19,135.69
C0134,2023-12-27,65.44
C0135,2023-02-05,43.86
C0135,2023-03-05,36.23
C0135,2023-03-09,112.09
C0135,2023-04-19,95.67
C0135,2023-05-08,141.79
C0135,2023-08-30,78.22
C0135,2023-10-10,32.09
C0136,2023-06-24,36.25
C0136,2023-11-23,49.97
C0137,2023-02-16,92.82
C0137,2023-08-01,56.15
C0137,2023-08-28,14.5
C0137,2023-10-01,45.89
C0137,2023-10-24,51.43
C0138,2023-04-15,109.44
C0138,2023-10-25,35.28
C0138,2023-11-05,112.67
C0138,2023-11-11,103.13
C0138,2023-12-02,80.5
C0139,2023-02-03,66.35
C0139,2023-02-09,48.01
C0139,2023-09-08,31.7
C0139,2023-09-23,98.72
C0139,2023-12-19,151.21
C0140,2023-01-04,108.88
C0140,2023-02-28,32.06
C0140,2023-06-18,140.08
C0140,2023-08-21,48.06
C0140,2023-10-05,102.25
C0140,2023-11-15,152.08
C0141,2023-07-11,105.51
C0141,2023-07-16,128.21
C0141,2023-10-31,75.77
C0141,2023-11-03,134.46
C0141,2023-11-06,96.35
C0142,2023-01-02,73.33
C0142,2023-05-10,34.64
C0142,2023-05-31,70.75
C0142,2023-08-15,39.11
C0142,2023-09-11,166.89
C0142,2023-10-17,117.04
C0143,2023-02-24,92.62
C0143,2023-04-28,45.54
C0143,2023-08-21,82.29
C0143,2023-09-11,42.64
C0144,2023-08-07,73.75
C0145,2023-03-07,93.94
C0145,2023-07-01,79.36
C0145,2023-09-08,21.19
C0145,2023-12-28,102.14
C0146,2023-04-05,170.62
C0146,2023-04-20,90.42
C0146,2023-06-06,44.2
C0146,2023-07-09,63.79
C0146,2023-11-15,178.87
C0146,2023-12-10,41.87
C0147,2023-01-05,87.98
C0147,2023-05-26,31.32
C0147,2023-06-22,31.33
C0147,2023-12-03,28.29
C0148,2023-01-13,11.5
C0148,2023-01-23,14.1
C0148,2023-01-24,29.39
C0148,2023-02-20,76.53
C0148,2023-06-27,68.93
C0148,2023-11-27,60.28
C0149,2023-06-30,41.81
C0150,2023-03-14,16.58
C0150,2023-06-19,131.19
C0150,2023-07-26,37.66
C0150,2023-08-27,35.38
C0150,2023-12-21,29.67
C0151,2023-07-18,67.76
C0151,2023-10-16,22.01
C0152,2023-03-02,92.53
C0152,2023-12-12,47.14
C0153,2023-02-10,64.4
C0153,2023-04-17,152.93
C0153,2023-05-10,162.94
C0153,2023-10-01,77.9
C0153,2023-10-15,82.11
C0154,2023-01-10,34.59
C0154,2023-01-24,68.75
C0154,2023-03-29,112.2
C0154,2023-06-14,122.48
C0154,2023-10-09,89.97
C0154,2023-12-26,13.04
C0155,2023-03-13,74.27
C0155,2023-04-11,3.43
C0155,2023-04-25,124.17
C0155,2023-08-23,17.48
C0156,2023-02-21,140.8
C0156,2023-03-15,79.07
C0156,2023-12-25,104.72
C0157,2023-02-12,28.59
C0157,2023-04-27,63.21
C0157,2023-09-28,33.88
C0157,2023-11-09,82.41
C0157,2023-12-20,44.5
C0157,2023-12-27,23.79
C0158,2023-10-26,181.98
C0159,2023-04-25,81.75
C0159,2023-08-26,71.11
C0159,2023-11-25,70.11
C0160,2023-02-06,39.91
C0160,2023-02-21,10.26
C0160,2023-03-29,18.36
C0160,2023-10-29,136.85
C0161,2023-01-02,88.02
C0161,2023-01-12,29.91
C0161,2023-02-08,55.59
C0161,2023-04-03,42.13
C0161,2023-04-25,42.13
C0161,2023-09-06,56.87
C0161,2023-09-27,81.33
C0162,2023-10-15,75.21
C0163,2023-08-26,17.57
C0163,2023-11-16,20.13
C0164,2023-01-16,55.69
C0164,2023-02-10,85.46
C0164,2023-05-19,74.04
C0164,2023-06-04,80.03
C0164,2023-09-28,112.67
C0164,2023-12-23,44.4
C0165,2023-01-17,108.97
C0165,2023-01-25,43.52
C0165,2023-02-13,98.46
C0165,2023-03-21,158.49
C0165,2023-04-07,50.47
C0165,2023-07-27,106.77
C0166,2023-01-13,37.68
C0166,2023-01-29,66.61
C0166,2023-03-29,77.43
C0166,2023-08-01,97.67
C0166,2023-10-18,98.33
C0166,2023-11-09,270.56
C0166,2023-12-30,154.24
C0167,2023-03-02,50.66
C0167,2023-03-04,150.97
C0168,2023-02-08,53.73
C0168,2023-05-21,227.72
C0168,2023-06-27,69.84
C0168,2023-07-07,47.46
C0168,2023-08-08,8.13
C0168,2023-08-27,55.75
C0168,2023-12-13,9.77
C0169,2023-01-19,79.06
C0169,2023-06-23,78.6
C0169,2023-07-16,19.68
C0169,2023-08-04,51.99
C0169,2023-11-08,108.93
C0170,2023-02-11,42.54
C0171,2023-01-11,154.75
C0171,2023-01-17,38.44
C0171,2023-03-02,109.69
C0171,2023-06-14,25.92
C0171,2023-07-29,107.77
C0171,2023-09-04,91.61
C0171,2023-12-06,108.27
C0172,2023-02-14,24.99
C0172,2023-05-15,55.57
C0172,2023-06-02,40.31
C0172,2023-10-02,27.76
C0173,2023-02-20,149.33
C0173,2023-07-03,52.58
C0174,2023-01-05,51.97
C0174,2023-01-25,59.49
C0174,2023-02-21,12.28
C0174,2023-07-14,72.32
C0174,2023-11-26,29.36
C0175,2023-01-25,123.13
C0176,2023-04-11,51.29
C0176,2023-04-22,13.21
C0176,2023-06-12,38.94
C0176,2023-10-15,163.17
C0176,2023-10-19,105.86
C0177,2023-02-22,141.73
C0177,2023-05-07,148.16
C0177,2023-06-07,15.4
C0177,2023-11-21,35.51
C0178,2023-07-31,31.75
C0178,2023-11-04,71.47
C0179,2023-01-11,27.57
C0179,2023-01-12,50.3
C0179,2023-01-15,13.45
C0179,2023-05-21,50.55
C0179,2023-07-04,60.96
C0179,2023-12-18,75.64
C0180,2023-02-02,264.37
C0180,2023-02-25,13.43
C0180,2023-07-19,47.68
C0180,2023-08-10,121.24
C0181,2023-01-22,10.92
C0181,2023-05-05,103.94
C0182,2023-02-24,101.68
C0182,2023-03-17,110.54
C0182,2023-10-26,56.97
C0183,2023-02-18,151.58
C0183,2023-09-17,15.31
C0183,2023-11-08,129.61
C0183,2023-11-28,80.53
C0184,2023-01-13,166.73
C0184,2023-06-20,75.07
C0184,2023-12-13,50.86
C0184,2023-12-20,340.67
C0185,2023-05-22,24.08
C0185,2023-05-29,85.09
C0185,2023-06-29,155.65
C0185,2023-07-06,131.27
C0185,2023-07-30,56.38
C0185,2023-11-12,59.21
C0185,2023-12-24,120.15
C0186,2023-01-12,125.62
C0186,2023-07-12,89.12
C0186,2023-08-19,71.42
C0186,2023-09-25,134.36
C0186,2023-10-06,19.9
C0186,2023-11-15,73.3
C0186,2023-12-06,71.63
C0187,2023-01-25,12.11
C0187,2023-01-29,74.88
C0187,2023-02-10,98.67
C0187,2023-05-08,115.81
C0187,2023-05-29,16.72
C0187,2023-05-29,36.8
C0187,2023-06-27,108.94
C0188,2023-01-13,56.81
C0188,2023-03-20,38.68
C0188,2023-03-22,94.33
C0188,2023-07-20,141.02
C0188,2023-11-04,57.11
C0189,2023-03-30,88.39
C0189,2023-09-18,89.97
C0190,2023-02-27,92.79
C0190,2023-05-27,107.87
C0190,2023-09-21,101.47
C0190,2023-11-18,115.34
C0190,2023-12-01,30.96
C0191,2023-02-07,243.01
C0191,2023-04-26,46.16
C0191,2023-05-12,111.76
C0191,2023-09-28,110.28
C0192,2023-01-16,59.12
C0192,2023-02-12,87.58
C0192,2023-07-26,113.62
C0192,2023-09-04,57.84
C0193,2023-04-19,74.21
C0193,2023-09-14,96.16
C0193,2023-12-14,133.97
C0194,2023-01-20,46.97
C0194,2023-03-18,152.55
C0194,2023-05-15,96.53
C0194,2023-05-15,26.56
C0194,2023-06-07,99.33
C0194,2023-06-17,28.23
C0194,2023-07-02,83.08
C0195,2023-01-20,32.75
C0195,2023-06-20,120.05
C0195,2023-09-07,90.62
C0195,2023-12-22,79.09
C0196,2023-01-08,40.8
C0196,2023-02-15,61.64
C0196,2023-05-04,65.67
C0196,2023-05-28,201.03
C0196,2023-05-31,75.03
C0196,2023-06-29,70.48
C0197,2023-01-28,160.09
C0197,2023-05-20,54.14
C0197,2023-07-30,23.1
C0198,2023-01-01,72.96
C0198,2023-04-20,76.38
C0198,2023-05-08,16.84
C0198,2023-05-16,34.85
C0198,2023-07-09,60.55
C0198,2023-08-24,16.09
C0198,2023-12-22,65.93
C0199,2023-03-16,75.73
C0199,2023-08-15,46.72
C0199,2023-09-22,111.15
C0199,2023-10-11,113.61
C0200,2023-04-05,67.71
C0200,2023-05-06,119.07
C0200,2023-12-01,61.7
C0201,2023-12-06,17.38
C0202,2023-12-16,64.31
C0203,2023-05-10,57.77
C0203,2023-07-19,22.53
C0203,2023-08-15,116.86
C0203,2023-10-05,63.04
C0203,2023-12-05,65.45
C0203,2023-12-13,73.51
C0203,2023-12-18,78.46
C0204,2023-04-05,35.13
C0204,2023-07-27,38.21
C0204,2023-12-25,72.18
C0205,2023-05-10,91.1
C0205,2023-09-12,59.77
C0205,2023-09-25,84.71
C0205,2023-10-30,91.26
C0206,2023-03-01,64.72
C0206,2023-07-26,161.27
C0206,2023-09-01,96.32
C0207,2023-01-17,56.26
C0207,2023-03-06,41.69
C0207,2023-10-22,104.71
C0208,2023-02-13,21.88
C0208,2023-04-16,16.8
C0208,2023-05-26,69.54
C0208,2023-08-30,94.56
C0209,2023-05-22,88.97
C0209,2023-06-01,98.57
C0209,2023-07-29,86.51
C0209,2023-11-06,33.8
C0210,2023-04-30,57.3
C0210,2023-06-06,72.96
C0210,2023-07-25,52.02
C0211,2023-03-09,126.9
C0211,2023-03-16,65.49
C0211,2023-05-02,101.64
C0211,2023-06-23,46.07
C0211,2023-07-01,117.13
C0211,2023-08-04,31.37
C0211,2023-11-09,85.51
C0212,2023-01-14,39.49
C0212,2023-02-16,66.52
C0212,2023-06-05,27.84
C0212,2023-10-07,27.88
C0213,2023-03-11,34.11
C0213,2023-04-24,32.15
C0213,2023-06-01,101.39
C0213,2023-08-11,37.15
C0213,2023-08-22,23.06
C0213,2023-09-25,13.52
C0213,2023-10-05,71.06
C0214,2023-05-13,32.13
C0214,2023-06-25,80.7
C0215,2023-05-15,75.7
C0215,2023-06-18,89.55
C0215,2023-07-05,109.53
C0215,2023-09-12,41.38
C0215,2023-09-18,86.4
C0215,2023-10-30,105.82
C0215,2023-12-07,64.75
C0216,2023-01-06,99.23
C0216,2023-02-15,67.41
C0216,2023-05-22,298.41
C0216,2023-07-04,6.82
C0216,2023-10-13,144.68
C0216,2023-10-19,85.4
C0216,2023-11-27,52.52
C0217,2023-04-16,100.1
C0217,2023-09-03,21.42
C0217,2023-10-18,50.02
C0217,2023-11-15,71.54
C0218,2023-03-11,120.52
C0218,2023-05-31,57.15
C0218,2023-12-08,39.56
C0219,2023-01-21,55.23
C0219,2023-05-02,50.37
C0219,2023-05-17,22.27
C0219,2023-08-23,31.05
C0219,2023-09-03,31.23
C0219,2023-12-11,66.46
C0220,2023-03-11,36.93
C0220,2023-03-16,72.97
C0220,2023-07-19,38.69
C0220,2023-07-22,107.19
C0220,2023-08-01,209.87
C0220,2023-12-24,25.44
C0221,2023-02-03,81.45
C0221,2023-04-19,132.98
C0221,2023-08-07,120.82
C0221,2023-08-16,98.46
C0222,2023-02-12,18.02
C0223,2023-03-15,123.08
C0223,2023-08-03,131.53
C0223,2023-09-26,18.12
C0223,2023-11-19,90.46
C0223,2023-12-11,128.36
C0224,2023-01-04,51.34
C0224,2023-02-03,16.76
C0224,2023-02-07,47.48
C0224,2023-06-08,65.7
C0224,2023-10-01,61.24
C0224,2023-12-23,107.58
C0225,2023-10-26,30.8
C0226,2023-01-06,173.1
C0226,2023-03-20,52.6
C0226,2023-04-01,84.73
C0226,2023-04-09,87.1
C0227,2023-04-03,118.43
C0227,2023-05-26,37.1
C0227,2023-07-07,42.06
C0227,2023-10-15,124.91
C0227,2023-12-27,48.15
C0228,2023-06-06,145.65
C0228,2023-06-11,43.63
C0228,2023-09-15,110.83
C0229,2023-01-11,39.33
C0229,2023-05-29,32.76
C0229,2023-06-21,103.3
C0229,2023-08-04,58.24
C0230,2023-03-09,106.52
C0231,2023-01-03,81.2
C0231,2023-06-12,16.45
C0231,2023-10-22,81.89
C0231,2023-12-04,70.01
C0232,2023-02-07,70.71
C0232,2023-04-30,73.05
C0232,2023-05-10,114.79
C0232,2023-07-04,88.73
C0232,2023-11-16,204.67
C0232,2023-12-10,26.76
C0232,2023-12-14,92.75
C0233,2023-04-19,32.29
C0233,2023-06-06,162.08
C0233,2023-07-14,42.59
C0233,2023-07-17,127.98
C0233,2023-09-28,184.27
C0233,2023-10-16,32.85
C0233,2023-11-11,44.99
C0234,2023-03-22,187.57
C0234,2023-06-01,83.77
C0234,2023-06-06,65.15
C0234,2023-07-23,29.72
C0234,2023-08-13,68.86
C0234,2023-12-17,32.94
C0235,2023-02-11,48.59
C0235,2023-08-12,32.62
C0235,2023-09-05,173.47
C0235,2023-10-07,97.29
C0235,2023-10-10,82.1
C0235,2023-10-11,55.57
C0235,2023-12-14,166.44
C0236,2023-03-08,35.69
C0236,2023-05-02,62.23
C0236,2023-06-14,63.13
C0236,2023-10-16,67.6
C0237,2023-03-08,63.4
C0237,2023-07-19,82.02
C0237,2023-09-29,62.09
C0237,2023-11-06,42.89
C0238,2023-05-15,59.41
C0238,2023-05-17,49.06
C0238,2023-09-15,79.96
C0239,2023-01-25,79.45
C0239,2023-07-20,68.77
C0239,2023-08-02,149.3
C0239,2023-10-07,148.75
C0239,2023-10-10,100.95
C0239,2023-10-13,79.0
C0239,2023-10-21,87.67
C0240,2023-06-08,163.46
C0240,2023-10-10,76.99
C0240,2023-11-08,35.54
C0241,2023-03-30,156.72
C0242,2023-02-18,9.7
C0242,2023-07-23,166.87
C0242,2023-08-02,241.1
C0242,2023-09-22,72.32
C0242,2023-09-30,18.12
C0242,2023-11-14,113.28
C0243,2023-08-30,23.14
C0243,2023-10-25,38.83
C0244,2023-02-24,94.24
C0244,2023-03-21,118.6
C0244,2023-04-07,82.02
C0244,2023-06-19,68.05
C0244,2023-09-30,20.07
C0245,2023-01-25,130.96
C0245,2023-04-01,35.35
C0245,2023-07-30,60.8
C0245,2023-10-29,45.19
C0245,2023-11-05,134.75
C0246,2023-01-06,42.02
C0246,2023-01-07,56.38
C0246,2023-01-30,65.21
C0246,2023-04-23,15.93
C0246,2023-04-24,19.2
C0246,2023-09-15,112.39
C0246,2023-12-01,131.55
C0247,2023-05-16,157.63
C0247,2023-05-19,144.78
C0247,2023-11-13,129.52
C0248,2023-01-20,64.19
C0248,2023-05-17,65.06
C0248,2023-06-15,23.35
C0248,2023-08-05,22.58
C0248,2023-09-04,111.33
C0248,2023-09-05,24.96
C0249,2023-01-10,82.93
C0249,2023-01-23,10.73
C0249,2023-06-15,86.36
C0249,2023-07-31,71.12
C0249,2023-09-08,86.68
C0249,2023-12-13,122.65
C0250,2023-01-12,74.0
C0250,2023-01-19,36.94
C0250,2023-05-10,26.77
C0250,2023-06-04,96.56
C0251,2023-04-15,76.83
C0251,2023-09-27,108.37
C0251,2023-10-20,44.76
C0252,2023-09-02,56.7
C0253,2023-01-26,14.63
C0253,2023-02-01,55.33
C0253,2023-03-18,15.08
C0253,2023-03-25,46.63
C0253,2023-05-21,29.69
C0254,2023-03-04,36.85
C0254,2023-04-21,110.29
C0254,2023-05-10,156.33
C0254,2023-05-14,38.56
C0254,2023-10-11,120.45
C0254,2023-11-24,70.28
C0254,2023-12-23,60.64
C0255,2023-01-21,25.44
C0255,2023-10-28,6.93
C0256,2023-03-14,157.62
C0256,2023-08-31,82.12
C0256,2023-12-28,4.96
C0257,2023-05-12,198.16
C0257,2023-06-26,44.42
C0257,2023-11-02,11.12
C0257,2023-11-10,77.27
C0258,2023-05-28,23.84
C0258,2023-11-14,69.3
C0259,2023-03-08,72.83
C0259,2023-03-09,68.03
C0259,2023-03-21,86.7
C0259,2023-04-12,44.21
C0259,2023-04-15,133.35
C0259,2023-07-28,84.39
C0259,2023-10-29,87.95
C0260,2023-04-03,247.47
C0261,2023-01-01,225.31
C0261,2023-08-17,58.94
C0261,2023-10-17,25.48
C0261,2023-11-14,108.92
C0262,2023-01-03,63.8
C0262,2023-08-04,146.37
C0262,2023-08-11,95.67
C0262,2023-10-09,57.64
C0262,2023-10-14,95.68
C0262,2023-12-04,128.83
C0263,2023-07-06,104.08
C0264,2023-06-20,47.7
C0265,2023-01-10,79.9
C0265,2023-02-28,76.64
C0265,2023-06-09,32.99
C0265,2023-06-13,135.22
C0265,2023-07-21,45.77
C0265,2023-11-03,80.43
C0266,2023-04-27,47.22
C0266,2023-05-14,34.69
C0266,2023-11-01,59.04
C0266,2023-11-09,30.18
C0266,2023-12-05,24.36
C0267,2023-04-07,33.11
C0267,2023-04-26,116.97
C0267,2023-08-12,111.87
C0267,2023-09-05,154.13
C0267,2023-11-06,41.81
C0267,2023-11-19,55.38
C0267,2023-12-12,119.69
C0268,2023-01-23,46.5
C0268,2023-12-05,80.39
C0269,2023-01-02,26.35
C0269,2023-01-22,35.8
C0269,2023-03-11,43.29
C0269,2023-06-13,127.15
C0269,2023-11-27,60.09
C0269,2023-11-30,49.49
C0270,2023-03-11,116.88
C0270,2023-04-10,34.63
C0270,2023-04-25,12.24
C0270,2023-09-10,75.66
C0271,2023-02-20,173.75
C0271,2023-05-10,32.46
C0271,2023-05-23,73.68
C0271,2023-08-02,37.45
C0271,2023-08-19,169.38
C0271,2023-09-25,57.34
C0271,2023-12-13,52.38
C0272,2023-01-25,157.59
C0272,2023-02-13,95.38
C0272,2023-03-20,31.37
C0272,2023-06-19,68.48
C0272,2023-12-24,80.9
C0273,2023-01-12,58.38
C0273,2023-10-17,42.79
C0274,2023-09-10,48.17
C0275,2023-04-03,60.95
C0275,2023-05-12,142.88
C0275,2023-07-30,42.48
C0275,2023-08-13,122.48
C0275,2023-10-28,18.34
C0276,2023-02-20,3.0
C0276,2023-03-08,58.93
C0276,2023-04-11,36.92
C0276,2023-07-30,27.68
C0276,2023-10-06,35.03
C0276,2023-10-13,91.81
C0277,2023-01-29,56.11
C0277,2023-02-12,130.79
C0277,2023-05-10,51.25
C0277,2023-06-02,21.3
C0277,2023-08-12,38.44
C0277,2023-08-30,175.65
C0277,2023-12-09,34.03
C0278,2023-01-11,43.91
C0278,2023-02-27,78.23
C0278,2023-03-22,33.46
C0278,2023-04-16,27.15
C0278,2023-07-09,7.6
C0278,2023-07-23,39.89
C0278,2023-11-28,53.72
C0279,2023-02-23,41.95
C0279,2023-06-06,55.28
C0279,2023-09-24,131.18
C0279,2023-10-28,98.41
C0279,2023-11-01,46.26
C0280,2023-03-20,120.07
C0280,2023-07-24,125.63
C0280,2023-10-30,87.05
C0280,2023-11-19,50.16
C0280,2023-11-26,52.24
C0281,2023-01-10,30.91
C0281,2023-08-09,22.99
C0281,2023-08-29,93.69
C0281,2023-09-09,26.01
C0281,2023-12-28,53.28
C0282,2023-10-18,116.16
C0283,2023-01-07,127.39
C0283,2023-01-09,49.86
C0283,2023-03-01,45.07
C0283,2023-03-27,42.14
C0283,2023-08-08,60.42
C0283,2023-08-30,50.41
C0283,2023-11-01,61.47
C0284,2023-04-01,59.83
C0284,2023-04-25,65.71
C0284,2023-05-13,161.43
C0284,2023-09-12,84.89
C0285,2023-01-19,10.84
C0285,2023-03-23,41.61
C0285,2023-03-24,99.73
C0285,2023-06-05,36.43
C0285,2023-10-22,11.57
C0285,2023-10-26,39.5
C0285,2023-10-31,76.78
C0286,2023-07-19,25.43
C0286,2023-09-25,30.36
C0286,2023-11-29,54.81
C0287,2023-03-12,52.15
C0287,2023-04-05,95.83
C0287,2023-05-24,104.75
C0287,2023-08-23,26.39
C0287,2023-09-12,49.79
C0287,2023-11-20,132.44
C0288,2023-01-11,29.2
C0288,2023-01-13,65.55
C0288,2023-01-30,66.94
C0288,2023-06-12,50.11
C0288,2023-12-28,156.11
C0289,2023-07-02,59.8
C0290,2023-02-17,66.64
C0291,2023-01-06,36.5
C0291,2023-01-15,108.98
C0291,2023-03-18,113.42
C0291,2023-04-18,87.03
C0291,2023-10-26,169.92
C0291,2023-11-21,158.13
C0291,2023-12-29,15.86
C0292,2023-04-29,44.48
C0292,2023-06-19,25.94
C0292,2023-08-27,95.78
C0292,2023-08-30,82.6
C0292,2023-12-11,24.3
C0293,2023-01-05,28.25
C0293,2023-01-30,191.21
C0294,2023-05-26,83.55
C0294,2023-08-20,139.61
C0294,2023-10-22,102.07
C0295,2023-02-25,9.29
C0295,2023-09-23,111.72
C0295,2023-10-20,45.42
C0295,2023-11-07,109.72
C0295,2023-11-11,35.41
C0295,2023-12-28,35.62
C0296,2023-02-19,49.79
C0296,2023-04-29,36.88
C0296,2023-05-06,78.52
C0296,2023-07-23,49.71
C0296,2023-08-31,78.0
C0296,2023-09-24,22.89
C0297,2023-05-21,36.95
C0297,2023-07-21,47.57
C0297,2023-10-24,6.11
C0297,2023-10-25,35.81
C0297,2023-10-28,57.21
C0297,2023-11-23,11.14
C0297,2023-11-25,49.08
C0298,2023-09-03,35.91
C0298,2023-09-06,48.92
C0299,2023-02-13,51.72
C0299,2023-04-04,143.2
C0299,2023-07-29,99.86
C0300,2023-03-13,126.45
C0300,2023-06-11,255.66
C0300,2023-08-14,40.57
C0300,2023-11-07,132.31
C0301,2023-04-18,226.45
C0301,2023-12-07,39.55
C0302,2023-08-12,18.23
C0303,2023-01-28,120.63
C0303,2023-02-19,104.0
C0303,2023-11-23,175.0
C0304,2023-05-01,75.25
C0304,2023-05-25,25.61
C0304,2023-09-04,75.11
C0304,2023-09-14,30.65
C0304,2023-10-07,57.31
C0305,2023-01-23,45.52
C0305,2023-02-08,157.35
C0305,2023-02-11,154.83
C0305,2023-07-02,7.41
C0305,2023-11-15,25.26
C0305,2023-12-10,44.64
C0306,2023-02-10,45.6
C0306,2023-03-01,156.34
C0306,2023-04-19,113.93
C0306,2023-09-04,36.6
C0306,2023-11-13,54.13
C0307,2023-01-29,17.27
C0307,2023-07-17,35.6
C0307,2023-07-26,196.81
C0307,2023-11-28,21.0
C0308,2023-06-21,41.17
C0308,2023-07-03,29.86
C0309,2023-02-15,92.97
C0309,2023-04-12,35.29
C0309,2023-10-13,91.42
C0309,2023-12-10,146.9
C0310,2023-01-05,61.39
C0310,2023-05-05,11.58
C0310,2023-11-15,111.5
C0311,2023-01-20,52.89
C0311,2023-05-20,19.71
C0311,2023-08-07,80.48
C0311,2023-11-26,134.29
C0312,2023-01-06,60.22
C0312,2023-03-21,70.5
C0312,2023-04-01,48.56
C0312,2023-06-12,64.19
C0312,2023-06-20,39.08
C0312,2023-12-08,114.36
C0313,2023-01-30,49.34
C0313,2023-06-11,48.39
C0314,2023-03-12,55.3
C0314,2023-04-09,64.47
C0314,2023-05-21,74.25
C0314,2023-11-09,65.37
C0314,2023-11-19,95.74
C0314,2023-12-14,91.01
C0315,2023-01-17,16.19
C0315,2023-04-19,70.43
C0315,2023-11-04,80.14
C0315,2023-12-12,70.96
C0316,2023-01-21,179.68
C0316,2023-03-04,29.95
C0316,2023-04-15,67.34
C0316,2023-05-01,89.17
C0316,2023-09-03,23.15
C0316,2023-10-07,63.37
C0317,2023-07-19,108.07
C0317,2023-09-05,62.9
C0318,2023-08-25,46.65
C0319,2023-03-08,113.88
C0319,2023-03-23,135.19
C0319,2023-05-26,33.46
C0319,2023-05-30,86.15
C0319,2023-10-31,88.34
C0319,2023-12-24,35.82
C0320,2023-02-19,85.6
C0320,2023-05-25,146.06
C0320,2023-05-27,25.84
C0320,2023-07-09,129.64
C0320,2023-09-04,14.58
C0320,2023-12-30,257.34
C0321,2023-01-26,21.58
C0321,2023-10-30,42.1
C0322,2023-07-27,63.46
C0322,2023-09-11,54.1
C0322,2023-10-18,243.41
C0323,2023-01-23,56.49
C0323,2023-03-08,80.17
C0323,2023-04-27,39.63
C0323,2023-06-01,70.12
C0323,2023-09-11,33.1
C0324,2023-03-13,51.55
C0325,2023-02-14,86.54
C0325,2023-04-26,135.21
C0325,2023-08-03,31.59
C0325,2023-08-17,45.82
C0326,2023-04-22,17.66
C0326,2023-07-22,186.83
C0327,2023-01-06,119.81
C0327,2023-05-12,52.28
C0327,2023-07-31,33.8
C0327,2023-08-09,24.87
C0327,2023-09-18,124.25
C0327,2023-09-21,93.13
C0327,2023-10-10,48.98
C0328,2023-02-20,52.03
C0328,2023-03-22,106.02
C0328,2023-03-26,35.96
C0328,2023-04-04,21.76
C0328,2023-07-02,48.33
C0328,2023-11-10,57.41
C0328,2023-11-24,84.09
C0329,2023-02-25,48.83
C0330,2023-09-24,58.41
C0331,2023-05-14,49.81
C0331,2023-09-23,47.06
C0332,2023-03-14,85.45
C0332,2023-04-09,77.51
C0332,2023-05-16,59.69
C0332,2023-05-28,87.38
C0332,2023-10-13,30.35
C0332,2023-11-28,63.47
C0333,2023-06-27,38.71
C0333,2023-07-19,112.29
C0333,2023-11-15,47.82
C0333,2023-12-05,112.31
C0334,2023-02-13,82.92
C0334,2023-04-24,79.79
C0334,2023-07-06,133.18
C0335,2023-04-25,23.77
C0335,2023-11-10,121.88
C0335,2023-12-12,111.63
C0336,2023-04-23,91.83
C0336,2023-08-21,118.48
C0336,2023-11-10,14.47
C0337,2023-05-27,101.34
C0337,2023-06-21,36.25
C0337,2023-12-07,48.02
C0337,2023-12-07,44.84
C0337,2023-12-25,56.23
C0338,2023-02-20,66.06
C0338,2023-04-01,54.02
C0338,2023-04-09,21.37
C0338,2023-04-19,23.88
C0338,2023-05-24,65.67
C0338,2023-10-11,123.12
C0338,2023-12-10,74.96
C0339,2023-05-30,43.21
C0339,2023-06-20,48.16
C0339,2023-10-26,39.27
C0339,2023-11-08,135.11
C0339,2023-11-23,106.87
C0340,2023-01-20,38.27
C0340,2023-03-16,90.84
C0340,2023-05-06,80.26
C0340,2023-06-02,72.71
C0340,2023-12-03,8.47
C0341,2023-09-20,73.2
C0342,2023-02-09,106.37
C0342,2023-03-26,20.19
C0342,2023-10-01,111.48
C0342,2023-12-02,127.73
C0343,2023-01-04,56.06
C0343,2023-11-13,156.62
C0344,2023-04-12,81.02
C0344,2023-07-25,76.48
C0345,2023-01-03,44.45
C0345,2023-03-27,121.91
C0345,2023-05-07,28.43
C0345,2023-05-28,35.99
C0345,2023-09-15,75.96
C0346,2023-05-13,22.27
C0346,2023-06-10,77.37
C0346,2023-12-23,171.97
C0347,2023-04-19,32.23
C0347,2023-04-19,45.59
C0348,2023-01-26,56.44
C0348,2023-01-29,75.22
C0348,2023-02-15,161.89
C0348,2023-03-11,68.08
C0348,2023-07-18,40.66
C0348,2023-10-27,33.06
C0348,2023-11-28,115.5
C0349,2023-03-12,7.85
C0349,2023-06-13,29.81
C0349,2023-09-13,177.9
C0350,2023-02-01,45.2
C0350,2023-05-18,60.91
C0351,2023-09-13,81.71
C0351,2023-09-26,40.22
C0351,2023-11-08,236.94
C0351,2023-12-20,72.38
C0352,2023-02-23,78.11
C0352,2023-03-12,110.97
C0352,2023-08-18,23.97
C0353,2023-03-30,27.32
C0353,2023-06-05,102.35
C0353,2023-07-21,69.86
C0353,2023-08-14,107.21
C0353,2023-09-09,118.41
C0353,2023-10-29,7.17
C0353,2023-12-20,44.68
C0354,2023-09-07,50.16
C0355,2023-02-01,58.55
C0355,2023-03-15,17.95
C0355,2023-07-19,76.79
C0356,2023-02-14,80.16
C0356,2023-03-01,168.78
C0356,2023-04-23,20.91
C0356,2023-12-05,72.22
C0357,2023-03-15,269.47
C0357,2023-11-21,67.9
C0358,2023-03-24,33.08
C0358,2023-04-04,58.1
C0358,2023-06-19,100.65
C0358,2023-09-29,94.27
C0358,2023-12-02,49.14
C0359,2023-01-15,120.02
C0359,2023-05-04,144.21
C0359,2023-07-18,13.32
C0359,2023-08-08,209.06
C0359,2023-09-29,54.33
C0360,2023-03-20,61.21
C0360,2023-04-17,92.34
C0360,2023-06-26,186.19
C0360,2023-09-19,75.41
C0360,2023-10-01,54.08
C0360,2023-12-20,51.25
C0361,2023-05-11,28.29
C0362,2023-02-25,17.15
C0362,2023-09-23,112.6
C0363,2023-01-25,104.72
C0363,2023-05-05,50.76
C0363,2023-08-25,36.5
C0364,2023-03-11,87.37
C0364,2023-07-22,49.56
C0364,2023-08-02,26.13
C0365,2023-03-13,114.93
C0365,2023-03-19,96.99
C0365,2023-07-15,12.36
C0365,2023-08-20,94.61
C0365,2023-09-15,61.36
C0366,2023-02-03,94.13
C0366,2023-02-07,92.07
C0366,2023-07-14,92.28
C0366,2023-10-27,33.99
C0367,2023-09-23,90.02
C0367,2023-12-03,152.15
C0368,2023-01-10,109.36
C0368,2023-02-19,37.52
C0368,2023-04-01,85.84
C0368,2023-04-13,95.88
C0368,2023-05-29,18.43
C0368,2023-09-23,35.65
C0368,2023-10-24,48.46
C0369,2023-01-05,107.82
C0369,2023-02-01,21.4
C0369,2023-06-27,94.84
C0369,2023-07-21,45.73
C0369,2023-09-28,97.17
C0369,2023-12-21,30.48
C0370,2023-05-20,74.17
C0370,2023-06-05,48.28
C0370,2023-07-19,54.19
C0370,2023-09-20,49.38
C0371,2023-02-06,113.81
C0371,2023-02-08,78.19
C0371,2023-04-26,120.99
C0371,2023-05-14,37.84
C0371,2023-10-07,213.52
C0371,2023-12-19,31.06
C0372,2023-01-24,26.18
C0372,2023-02-11,68.74
C0372,2023-03-02,18.33
C0372,2023-03-04,76.16
C0372,2023-07-19,84.29
C0373,2023-01-30,75.25
C0373,2023-07-30,29.82
C0373,2023-09-07,80.63
C0373,2023-12-07,109.62
C0374,2023-04-26,114.02
C0374,2023-05-27,19.4
C0374,2023-06-23,99.01
C0374,2023-09-02,16.48
C0374,2023-11-05,51.65
C0375,2023-02-17,141.79
C0375,2023-03-16,55.59
C0375,2023-06-05,110.83
C0375,2023-07-26,68.59
C0375,2023-10-08,27.55
C0376,2023-03-20,33.85
C0376,2023-08-18,16.45
C0376,2023-08-18,59.32
C0376,2023-12-04,49.9
C0377,2023-03-07,129.88
C0377,2023-03-21,36.36
C0377,2023-06-08,166.79
C0377,2023-11-14,49.89
C0377,2023-12-12,54.86
C0378,2023-02-13,12.16
C0378,2023-12-15,180.97
C0379,2023-01-03,106.93
C0379,2023-05-30,53.33
C0379,2023-06-03,69.45
C0379,2023-07-04,67.99
C0379,2023-08-31,143.8
C0379,2023-09-13,82.68
C0380,2023-01-31,68.88
C0380,2023-05-21,37.28
C0380,2023-06-25,91.13
C0380,2023-09-12,46.12
C0380,2023-11-11,65.57
C0380,2023-12-19,88.57
C0381,2023-03-06,129.57
C0381,2023-07-07,47.36
C0381,2023-08-13,49.36
C0381,2023-08-26,58.69
C0381,2023-09-19,143.78
C0382,2023-09-20,31.06
C0383,2023-01-08,99.62
C0383,2023-01-18,59.32
C0383,2023-01-29,30.91
C0383,2023-03-10,72.07
C0383,2023-10-07,67.9
C0384,2023-04-12,76.36
C0384,2023-05-03,27.77
C0384,2023-06-15,70.0
C0384,2023-07-05,41.08
C0384,2023-08-13,89.35
C0384,2023-12-05,2.87
C0384,2023-12-18,54.32
C0385,2023-04-05,44.02
C0385,2023-05-07,94.68
C0385,2023-05-24,71.71
C0385,2023-08-17,192.75
C0385,2023-09-06,81.69
C0385,2023-10-17,86.83
C0385,2023-12-09,52.33
C0386,2023-11-08,250.94
C0387,2023-02-03,63.23
C0387,2023-02-07,73.15
C0387,2023-04-18,9.38
C0388,2023-03-23,94.77
C0388,2023-03-28,123.74
C0388,2023-04-06,74.18
C0388,2023-07-04,36.97
C0389,2023-02-15,55.06
C0389,2023-07-07,102.33
C0389,2023-07-20,51.56
C0389,2023-08-01,42.77
C0389,2023-08-07,50.65
C0389,2023-09-09,53.69
C0389,2023-09-20,76.33
C0390,2023-03-12,22.38
C0390,2023-04-28,105.83
C0391,2023-01-03,27.26
C0391,2023-05-20,38.1
C0391,2023-06-29,18.2
C0391,2023-07-01,14.78
C0392,2023-01-27,37.29
C0392,2023-03-14,30.49
C0392,2023-05-07,35.91
C0392,2023-07-18,30.78
C0392,2023-08-15,101.27
C0392,2023-12-14,40.96
C0393,2023-01-05,102.98
C0393,2023-02-03,43.38
C0393,2023-04-08,39.99
C0393,2023-05-11,38.75
C0393,2023-06-07,101.58
C0393,2023-09-30,27.56
C0394,2023-06-12,57.82
C0394,2023-09-10,125.57
C0394,2023-09-23,164.68
C0394,2023-12-27,85.48
C0395,2023-04-06,160.84
C0395,2023-07-09,178.91
C0395,2023-09-21,83.66
C0396,2023-03-08,54.61
C0396,2023-04-24,15.58
C0396,2023-04-28,84.53
C0396,2023-06-29,102.01
C0396,2023-07-04,94.77
C0397,2023-01-15,99.9
C0397,2023-04-07,102.02
C0397,2023-07-02,43.65
C0397,2023-10-07,12.07
C0398,2023-03-01,64.67
C0398,2023-09-10,6.45
C0398,2023-10-18,203.3
C0399,2023-02-17,53.05
C0399,2023-04-26,19.32
C0399,2023-08-15,131.48
C0399,2023-08-23,48.44
C0399,2023-09-28,77.58
C0400,2023-05-05,32.79
C0400,2023-12-31,31.04
C0401,2023-01-28,14.47
C0401,2023-03-23,28.72
C0402,2023-02-16,60.04
C0402,2023-06-10,49.44
C0402,2023-08-24,39.73
C0402,2023-08-25,62.34
C0402,2023-08-26,74.26
C0402,2023-11-29,95.77
C0402,2023-12-25,50.71
C0403,2023-01-21,8.01
C0403,2023-04-23,85.85
C0403,2023-05-06,38.21
C0403,2023-09-13,126.7
C0403,2023-10-01,64.21
C0404,2023-03-12,92.54
C0404,2023-03-30,99.9
C0404,2023-06-03,11.5
C0404,2023-07-20,36.84
C0404,2023-11-03,88.62
C0404,2023-11-17,156.03
C0405,2023-02-09,81.25
C0405,2023-02-15,16.3
C0405,2023-05-25,48.76
C0405,2023-05-27,99.44
C0405,2023-07-11,80.17
C0405,2023-12-12,27.61
C0406,2023-03-09,126.31
C0406,2023-08-18,80.34
C0406,2023-12-18,139.77
C0407,2023-08-30,63.55
C0407,2023-10-23,205.09
C0408,2023-04-25,25.23
C0409,2023-01-18,78.46
C0409,2023-03-21,99.01
C0409,2023-08-15,36.73
C0410,2023-04-23,29.28
C0410,2023-05-28,28.95
C0410,2023-06-13,79.89
C0410,2023-08-05,57.07
C0410,2023-09-07,78.83
C0410,2023-10-03,37.41
C0410,2023-12-26,62.85
C0411,2023-01-26,89.08
C0411,2023-06-21,91.53
C0411,2023-07-10,271.11
C0411,2023-10-26,21.05
C0412,2023-02-05,7.97
C0412,2023-03-02,196.83
C0412,2023-05-10,85.11
C0412,2023-10-27,118.1
C0412,2023-12-04,60.24
C0413,2023-01-03,32.73
C0413,2023-03-08,37.65
C0413,2023-03-24,41.56
C0413,2023-05-05,2.45
C0413,2023-06-20,33.21
C0413,2023-09-08,72.41
C0414,2023-01-25,75.84
C0414,2023-04-03,102.31
C0414,2023-04-08,152.35
C0414,2023-09-27,20.17
C0414,2023-11-16,101.02
C0415,2023-01-03,24.72
C0415,2023-01-17,58.48
C0415,2023-03-05,37.19
C0415,2023-03-06,69.42
C0415,2023-07-31,58.57
C0415,2023-11-30,45.08
C0416,2023-02-06,57.36
C0416,2023-04-10,54.41
C0416,2023-10-25,39.9
C0417,2023-09-16,84.54
C0418,2023-03-05,32.46
C0418,2023-06-12,41.5
C0418,2023-07-01,74.06
C0418,2023-09-16,64.64
C0418,2023-09-25,72.23
C0418,2023-11-04,85.46
C0418,2023-12-05,141.72
C0419,2023-04-01,83.33
C0419,2023-11-29,29.07
C0420,2023-03-19,151.73
C0420,2023-03-28,44.9
C0420,2023-04-27,67.5
C0420,2023-07-04,52.26
C0420,2023-09-26,64.27
C0421,2023-04-09,60.44
C0421,2023-11-17,45.67
C0421,2023-12-25,28.4
C0422,2023-06-01,95.27
C0423,2023-01-20,49.06
C0423,2023-01-21,101.45
C0423,2023-06-11,48.88
C0423,2023-07-05,162.76
C0423,2023-09-13,99.8
C0423,2023-09-14,38.59
C0423,2023-11-29,35.79
C0424,2023-07-14,28.15
C0424,2023-08-19,70.66
C0425,2023-01-19,51.74
C0425,2023-03-08,61.49
C0425,2023-04-21,149.59
C0425,2023-06-17,111.04
C0425,2023-06-20,57.43
C0426,2023-01-29,12.81
C0426,2023-05-01,113.24
C0426,2023-08-13,128.77
C0426,2023-11-22,40.24
C0427,2023-02-07,16.76
C0427,2023-05-14,53.66
C0427,2023-09-14,124.21
C0428,2023-01-12,79.75
C0429,2023-05-27,33.21
C0429,2023-05-29,89.13
C0429,2023-10-08,92.31
C0429,2023-10-09,46.61
C0429,2023-10-23,105.23
C0429,2023-12-12,70.74
C0430,2023-04-05,25.63
C0430,2023-05-26,70.55
C0430,2023-07-03,43.47
C0430,2023-07-15,78.32
C0430,2023-09-13,91.56
C0430,2023-12-25,81.11
C0431,2023-02-24,46.13
C0432,2023-03-19,75.8
C0432,2023-08-10,39.5
C0432,2023-11-10,78.64
C0433,2023-02-18,32.78
C0433,2023-06-16,126.95
C0433,2023-07-19,54.33
C0433,2023-07-19,55.13
C0433,2023-10-03,48.64
C0434,2023-01-06,42.24
C0434,2023-08-13,78.58
C0435,2023-02-16,77.23
C0435,2023-11-15,121.46
C0436,2023-09-13,65.67
C0436,2023-10-04,30.76
C0437,2023-05-12,87.09
C0438,2023-06-22,8.4
C0438,2023-06-28,60.63
C0438,2023-06-29,9.47
C0438,2023-10-31,62.09
C0438,2023-11-06,152.72
C0439,2023-02-08,42.37
C0439,2023-10-10,89.46
C0440,2023-04-28,33.93
C0440,2023-05-11,35.36
C0440,2023-05-18,98.85
C0440,2023-06-13,31.97
C0440,2023-07-18,39.51
C0440,2023-07-21,130.53
C0440,2023-12-19,50.55
C0441,2023-03-10,85.09
C0441,2023-04-08,162.18
C0441,2023-04-13,92.89
C0441,2023-06-06,1.93
C0441,2023-07-09,48.02
C0441,2023-10-27,20.16
C0442,2023-10-15,71.12
C0442,2023-10-20,35.38
C0442,2023-12-31,46.56
C0443,2023-02-10,70.04
C0443,2023-03-13,132.58
C0443,2023-04-25,43.89
C0443,2023-08-15,81.24
C0443,2023-08-21,61.7
C0443,2023-09-13,49.9
C0443,2023-11-18,30.81
C0444,2023-03-16,90.45
C0444,2023-09-06,108.13
C0444,2023-09-30,64.45
C0444,2023-12-30,20.46
C0445,2023-01-20,55.02
C0445,2023-01-20,260.05
C0445,2023-02-21,129.28
C0445,2023-08-17,111.4
C0445,2023-11-02,15.4
C0446,2023-01-06,55.68
C0446,2023-03-29,49.82
C0446,2023-05-12,67.39
C0446,2023-05-23,118.04
C0447,2023-04-05,42.96
C0447,2023-05-04,59.68
C0448,2023-02-25,21.19
C0448,2023-05-09,19.68
C0448,2023-10-10,32.76
C0448,2023-10-21,95.45
C0449,2023-01-26,65.02
C0449,2023-03-06,57.44
C0449,2023-05-10,47.79
C0449,2023-06-30,29.94
C0449,2023-07-03,27.11
C0449,2023-12-15,98.19
C0450,2023-10-04,26.58
C0451,2023-02-03,82.46
C0451,2023-04-15,54.08
C0451,2023-07-23,32.63
C0451,2023-11-22,61.86
C0452,2023-02-05,121.66
C0452,2023-07-02,20.86
C0452,2023-11-04,139.74
C0452,2023-12-22,219.14
C0452,2023-12-25,133.65
C0453,2023-07-17,37.81
C0453,2023-08-10,65.66
C0453,2023-10-21,34.15
C0453,2023-11-07,68.27
C0454,2023-04-27,40.13
C0454,2023-12-14,55.14
C0455,2023-01-08,75.95
C0455,2023-08-19,24.96
C0455,2023-09-14,135.95
C0456,2023-07-11,15.62
C0457,2023-04-12,68.79
C0457,2023-07-30,51.29
C0457,2023-08-25,39.72
C0457,2023-09-22,55.58
C0457,2023-12-07,33.44
C0458,2023-12-24,6.14
C0459,2023-03-03,57.68
C0459,2023-03-30,21.54
C0459,2023-07-05,144.27
C0459,2023-09-29,140.47
C0460,2023-01-03,106.33
C0460,2023-01-14,70.89
C0460,2023-04-10,99.11
C0460,2023-07-09,62.27
C0460,2023-08-06,16.96
C0460,2023-09-17,56.15
C0460,2023-12-24,13.11
C0461,2023-01-22,123.09
C0461,2023-03-12,95.46
C0461,2023-07-11,69.97
C0461,2023-08-10,91.51
C0461,2023-08-13,32.38
C0461,2023-09-05,67.81
C0461,2023-12-01,176.64
C0462,2023-02-02,9.69
C0462,2023-04-12,64.03
C0462,2023-05-31,102.8
C0462,2023-07-26,81.77
C0462,2023-09-11,24.72
C0462,2023-10-01,26.99
C0462,2023-12-28,59.07
C0463,2023-02-15,48.02
C0464,2023-04-09,115.55
C0464,2023-09-26,14.13
C0464,2023-10-10,141.19
C0464,2023-10-19,44.75
C0465,2023-02-11,68.8
C0465,2023-07-08,28.29
C0465,2023-07-21,117.03
C0465,2023-07-25,231.18
C0465,2023-10-10,68.8
C0465,2023-11-18,38.31
C0465,2023-12-10,13.19
C0466,2023-01-23,38.55
C0466,2023-03-26,189.82
C0466,2023-09-08,59.67
C0466,2023-09-10,33.06
C0466,2023-09-21,102.22
C0466,2023-11-19,204.32
C0466,2023-12-25,97.8
C0467,2023-05-12,51.58
C0467,2023-05-29,43.66
C0467,2023-08-18,44.92
C0467,2023-09-23,36.54
C0467,2023-10-01,42.35
C0467,2023-12-21,21.08
C0468,2023-01-04,71.83
C0468,2023-01-10,69.42
C0468,2023-01-30,83.93
C0468,2023-03-15,87.16
C0468,2023-03-22,88.56
C0468,2023-06-23,102.8
C0468,2023-10-12,38.97
C0469,2023-01-10,40.02
C0469,2023-01-25,59.66
C0469,2023-05-14,56.11
C0469,2023-07-22,226.19
C0469,2023-11-01,34.16
C0469,2023-11-04,33.67
C0469,2023-12-31,64.52
C0470,2023-09-29,57.46
C0470,2023-10-01,10.71
C0471,2023-09-18,45.2
C0472,2023-05-28,58.57
C0472,2023-08-05,61.38
C0472,2023-08-10,68.12
C0472,2023-09-04,80.48
C0472,2023-11-18,166.06
C0473,2023-01-29,87.51
C0474,2023-07-03,75.52
C0474,2023-08-30,2.71
C0474,2023-11-30,68.79
C0474,2023-12-04,30.44
C0475,2023-02-12,34.5
C0475,2023-04-10,71.83
C0475,2023-04-21,105.32
C0475,2023-05-21,130.85
C0475,2023-10-01,45.12
C0475,2023-11-08,69.85
C0476,2023-02-01,28.06
C0476,2023-03-13,81.96
C0476,2023-08-09,200.81
C0477,2023-02-11,86.63
C0477,2023-05-29,46.26
C0477,2023-06-27,37.64
C0477,2023-07-03,169.9
C0477,2023-07-17,219.82
C0477,2023-09-22,83.87
C0477,2023-10-26,35.8
C0478,2023-02-03,72.7
C0478,2023-03-24,21.78
C0478,2023-04-07,52.31
C0478,2023-07-01,188.92
C0478,2023-08-08,17.46
C0478,2023-09-12,70.63
C0479,2023-10-23,55.18
C0480,2023-02-25,50.26
C0480,2023-05-02,33.69
C0480,2023-09-29,82.28
C0480,2023-10-04,117.81
C0480,2023-11-23,210.21
C0481,2023-01-07,83.01
C0481,2023-07-08,122.69
C0481,2023-07-13,26.03
C0482,2023-03-21,78.02
C0482,2023-09-05,145.25
C0483,2023-04-18,49.44
C0483,2023-05-19,200.64
C0483,2023-07-28,93.12
C0483,2023-09-30,104.94
C0483,2023-10-23,30.61
C0484,2023-02-26,29.78
C0485,2023-11-20,107.76
C0486,2023-02-02,57.36
C0486,2023-02-02,146.32
C0486,2023-05-04,30.5
C0486,2023-06-06,47.04
C0486,2023-08-06,73.05
C0486,2023-12-17,31.01
C0487,2023-11-19,48.1
C0488,2023-04-22,135.52
C0488,2023-07-23,57.23
C0489,2023-01-24,66.89
C0489,2023-01-24,87.23
C0489,2023-08-07,19.45
C0489,2023-08-08,100.29
C0490,2023-03-02,51.51
C0490,2023-04-15,170.56
C0490,2023-06-06,53.6
C0490,2023-08-21,8.2
C0491,2023-05-27,14.54
C0491,2023-07-25,31.93
C0491,2023-10-12,27.38
C0491,2023-11-11,50.0
C0491,2023-12-10,51.57
C0492,2023-03-22,45.71
C0492,2023-06-08,163.44
C0492,2023-06-19,27.61
C0492,2023-10-19,62.05
C0493,2023-08-07,91.67
C0494,2023-03-20,92.6
C0494,2023-12-19,42.39
C0495,2023-04-16,41.29
C0495,2023-04-28,33.82
C0495,2023-05-22,54.94
C0495,2023-11-08,174.15
C0495,2023-12-08,165.11
C0496,2023-01-27,69.65
C0496,2023-03-12,71.82
C0496,2023-06-01,20.48
C0496,2023-06-13,107.31
C0496,2023-08-07,12.12
C0496,2023-11-28,79.75
C0497,2023-12-16,34.18
C0498,2023-03-07,65.28
C0498,2023-04-14,130.76
C0498,2023-04-30,70.28
C0498,2023-06-24,210.85
C0498,2023-06-27,55.43
C0498,2023-09-15,89.78
C0499,2023-01-02,98.54
C0499,2023-01-14,100.36
C0499,2023-03-14,41.52
C0499,2023-03-25,81.29
C0499,2023-04-27,62.38
C0499,2023-06-03,34.21
C0499,2023-10-22,43.92
C0500,2023-01-18,60.62
C0500,2023-03-18,45.94
C0500,2023-05-31,20.49
C0500,2023-07-26,125.71
C0500,2023-08-13,10.92
C0500,2023-12-08,53.83
C0501,2023-01-02,39.75
C0501,2023-01-27,104.34
C0501,2023-04-16,119.88
C0501,2023-04-22,61.44
C0501,2023-07-16,33.38
C0501,2023-08-05,19.51
C0502,2023-02-16,49.67
C0502,2023-04-19,207.16
C0502,2023-05-13,59.49
C0502,2023-08-23,40.26
C0502,2023-11-04,101.26
C0502,2023-12-15,91.5
C0503,2023-07-05,21.69
C0503,2023-09-21,26.46
C0504,2023-01-12,55.48
C0504,2023-02-27,58.94
C0504,2023-03-29,97.42
C0504,2023-06-21,77.11
C0504,2023-12-12,89.92
C0505,2023-02-06,96.78
C0505,2023-04-01,82.45
C0505,2023-05-07,26.58
C0505,2023-09-04,104.08
C0505,2023-11-02,34.23
C0506,2023-01-15,86.46
C0506,2023-05-20,32.28
C0506,2023-06-30,22.06
C0506,2023-08-09,212.27
C0506,2023-12-26,172.53
C0507,2023-01-07,7.0
C0507,2023-07-04,121.94
C0507,2023-08-04,99.91
C0507,2023-12-07,137.78
C0508,2023-02-13,56.56
C0508,2023-06-26,84.22
C0508,2023-06-29,54.49
C0509,2023-04-14,36.19
C0509,2023-06-09,208.58
C0510,2023-02-26,30.62
C0510,2023-03-08,11.22
C0511,2023-01-22,57.59
C0511,2023-10-22,66.12
C0512,2023-01-07,43.5
C0512,2023-06-26,54.42
C0512,2023-08-14,37.07
C0512,2023-08-25,83.4
C0512,2023-08-27,84.81
C0513,2023-03-11,53.53
C0513,2023-04-25,89.36
C0513,2023-06-27,66.31
C0513,2023-12-30,79.9
C0513,2023-12-31,40.01
C0514,2023-01-25,122.5
C0514,2023-07-28,69.2
C0514,2023-09-10,57.84
C0514,2023-10-21,51.64
C0515,2023-01-02,99.38
C0515,2023-03-14,132.19
C0515,2023-07-12,70.94
C0515,2023-07-22,46.09
C0515,2023-10-06,35.14
C0515,2023-11-29,65.48
C0515,2023-12-01,35.77
C0516,2023-04-25,31.5
C0516,2023-05-30,124.77
C0516,2023-06-18,120.73
C0516,2023-07-09,15.43
C0516,2023-08-01,52.8
C0516,2023-09-24,53.61
C0516,2023-10-28,111.69
C0517,2023-08-27,7.64
C0517,2023-12-18,30.95
C0518,2023-03-25,66.71
C0518,2023-08-05,6.29
C0518,2023-10-09,139.79
C0518,2023-10-12,27.91
C0518,2023-12-03,70.57
C0519,2023-08-21,54.78
C0519,2023-09-26,89.22
C0520,2023-05-20,44.1
C0520,2023-06-16,36.96
C0520,2023-10-18,132.22
C0521,2023-01-05,199.61
C0521,2023-06-10,71.67
C0521,2023-07-20,128.74
C0521,2023-12-22,36.85
C0522,2023-05-04,69.97
C0522,2023-07-18,118.18
C0523,2023-01-09,79.11
C0523,2023-01-21,23.52
C0523,2023-08-07,71.18
C0523,2023-09-11,22.18
C0523,2023-10-12,39.99
C0523,2023-10-29,125.45
C0523,2023-12-20,131.36
C0524,2023-05-10,34.93
C0524,2023-05-21,69.6
C0524,2023-06-26,80.86
C0525,2023-06-07,48.5
C0525,2023-08-29,71.63
C0526,2023-03-17,89.14
C0526,2023-04-14,104.36
C0526,2023-07-03,24.07
C0526,2023-07-18,63.84
C0526,2023-12-13,7.46
C0527,2023-06-07,56.19
C0528,2023-09-02,59.73
C0529,2023-01-12,55.92
C0529,2023-10-16,11.95
C0530,2023-02-13,77.05
C0530,2023-04-28,18.88
C0530,2023-08-10,168.49
C0530,2023-09-02,107.94
C0530,2023-11-13,135.3
C0530,2023-12-22,155.77
C0531,2023-03-27,210.65
C0531,2023-05-09,110.17
C0531,2023-07-09,23.4
C0532,2023-02-16,78.8
C0532,2023-05-08,32.18
C0532,2023-06-05,200.25
C0532,2023-10-30,105.98
C0533,2023-03-03,83.21
C0533,2023-03-13,100.8
C0533,2023-10-05,62.06
C0533,2023-12-12,133.11
C0533,2023-12-26,23.03
C0534,2023-04-19,80.62
C0534,2023-07-09,28.81
C0535,2023-02-02,33.01
C0535,2023-03-05,27.15
C0535,2023-05-28,133.47
C0535,2023-06-07,42.04
C0535,2023-08-03,15.55
C0535,2023-12-27,72.35
C0536,2023-01-07,145.61
C0536,2023-02-16,115.35
C0536,2023-10-24,19.36
C0537,2023-03-06,18.84
C0537,2023-03-21,9.09
C0537,2023-05-13,298.89
C0537,2023-08-06,30.24
C0537,2023-09-02,76.34
C0537,2023-12-21,46.37
C0538,2023-02-24,140.87
C0538,2023-08-27,260.41
C0539,2023-04-15,21.22
C0539,2023-09-01,57.41
C0540,2023-01-02,53.84
C0540,2023-07-09,156.32
C0540,2023-11-11,93.73
C0541,2023-02-12,87.26
C0541,2023-06-09,77.91
C0541,2023-07-15,20.89
C0541,2023-08-26,45.94
C0542,2023-01-15,90.57
C0542,2023-07-23,111.34
C0542,2023-08-12,172.3
C0542,2023-11-01,101.31
C0542,2023-11-13,55.79
C0542,2023-11-26,65.87
C0543,2023-06-10,4.79
C0544,2023-10-24,60.77
C0545,2023-02-09,97.9
C0545,2023-05-03,27.54
C0545,2023-05-26,97.79
C0545,2023-07-27,68.69
C0545,2023-10-22,99.44
C0546,2023-05-04,72.64
C0546,2023-06-28,107.06
C0546,2023-06-30,101.01
C0546,2023-10-08,80.42
C0546,2023-12-17,70.06
C0547,2023-07-19,22.38
C0547,2023-08-02,105.36
C0548,2023-01-14,100.31
C0548,2023-02-24,49.6
C0548,2023-03-13,17.3
C0548,2023-06-16,54.69
C0548,2023-06-29,72.79
C0548,2023-10-29,32.19
C0548,2023-10-31,15.66
C0549,2023-07-05,74.68
C0549,2023-07-12,36.59
C0549,2023-10-23,80.49
C0550,2023-04-11,154.22
C0550,2023-05-05,111.61
C0550,2023-09-25,229.18
C0550,2023-10-31,56.15
C0551,2023-01-01,35.77
C0551,2023-02-13,66.82
C0551,2023-06-02,91.76
C0551,2023-07-15,79.49
C0551,2023-09-04,30.13
C0551,2023-09-24,90.71
C0552,2023-11-03,85.38
C0552,2023-11-06,79.15
C0553,2023-03-07,129.46
C0553,2023-03-31,34.6
C0553,2023-05-25,74.22
C0553,2023-06-13,126.28
C0553,2023-11-26,216.47
C0554,2023-05-29,73.96
C0555,2023-04-29,60.23
C0555,2023-06-28,52.96
C0555,2023-08-09,63.1
C0556,2023-03-19,48.35
C0556,2023-05-10,33.92
C0557,2023-01-27,80.05
C0557,2023-01-27,108.36
C0557,2023-02-23,108.18
C0557,2023-08-05,218.79
C0558,2023-04-12,50.51
C0558,2023-05-11,81.26
C0558,2023-07-02,156.31
C0558,2023-08-23,265.39
C0558,2023-09-10,95.15
C0558,2023-10-11,67.2
C0558,2023-11-14,102.41
C0559,2023-03-03,164.87
C0559,2023-04-10,87.96
C0559,2023-07-02,29.76
C0559,2023-08-15,75.38
C0559,2023-09-20,53.15
C0560,2023-01-12,88.79
C0560,2023-01-18,75.46
C0560,2023-05-10,162.64
C0560,2023-08-24,22.9
C0560,2023-10-02,40.08
C0561,2023-01-20,24.79
C0561,2023-02-21,50.79
C0561,2023-02-22,171.53
C0561,2023-08-22,40.72
C0561,2023-09-11,17.43
C0562,2023-01-29,26.61
C0562,2023-03-18,32.94
C0562,2023-08-09,124.14
C0562,2023-08-31,91.56
C0562,2023-11-30,37.9
C0563,2023-06-12,272.96
C0564,2023-11-18,107.6
C0565,2023-01-06,154.13
C0565,2023-01-30,71.49
C0565,2023-07-30,49.38
C0565,2023-12-08,9.67
C0566,2023-01-10,3.0
C0566,2023-05-02,130.83
C0566,2023-05-05,58.77
C0566,2023-10-21,143.02
C0566,2023-11-24,219.5
C0567,2023-02-23,85.91
C0567,2023-03-16,109.98
C0567,2023-12-07,56.01
C0568,2023-01-08,148.01
C0568,2023-02-09,58.25
C0568,2023-02-12,32.3
C0568,2023-03-23,71.54
C0568,2023-04-04,111.58
C0568,2023-09-20,162.67
C0568,2023-11-08,41.56
C0569,2023-03-09,30.49
C0569,2023-05-24,54.6
C0569,2023-06-09,206.76
C0570,2023-01-25,82.35
C0570,2023-05-20,85.2
C0570,2023-06-10,131.36
C0570,2023-07-27,125.51
C0570,2023-09-10,28.11
C0570,2023-11-14,3.73
C0571,2023-01-06,58.62
C0571,2023-04-16,15.31
C0571,2023-05-30,22.48
C0571,2023-08-30,146.31
C0571,2023-11-18,89.38
C0572,2023-07-15,204.51
C0573,2023-02-04,94.27
C0573,2023-05-22,54.2
C0573,2023-06-01,289.64
C0573,2023-09-30,63.78
C0574,2023-07-03,99.89
C0575,2023-06-26,19.02
C0575,2023-09-16,13.97
C0575,2023-11-24,101.08
C0575,2023-12-25,104.75
C0576,2023-02-17,121.23
C0576,2023-05-25,6.48
C0576,2023-06-29,106.6
C0576,2023-10-18,27.06
C0576,2023-11-18,178.42
C0577,2023-01-30,28.42
C0577,2023-04-06,91.74
C0577,2023-10-09,97.69
C0577,2023-11-08,42.95
C0577,2023-11-12,50.44
C0577,2023-12-10,49.39
C0578,2023-03-18,8.15
C0578,2023-08-25,24.47
C0579,2023-01-21,141.01
C0579,2023-08-09,202.64
C0580,2023-03-31,82.14
C0580,2023-04-06,97.79
C0580,2023-08-03,72.04
C0580,2023-10-06,28.42
C0580,2023-11-24,14.05
C0580,2023-12-25,87.7
C0581,2023-03-22,135.39
C0581,2023-06-10,150.83
C0581,2023-10-13,55.41
C0582,2023-04-05,122.01
C0582,2023-07-24,28.96
C0582,2023-08-11,56.22
C0582,2023-08-17,33.65
C0582,2023-11-30,77.79
C0582,2023-12-17,40.68
C0583,2023-08-21,100.52
C0584,2023-04-10,27.84
C0584,2023-10-21,39.99
C0585,2023-03-25,36.43
C0585,2023-05-30,44.74
C0586,2023-01-22,96.35
C0586,2023-05-19,107.67
C0586,2023-08-11,41.97
C0586,2023-10-17,100.15
C0586,2023-11-07,62.1
C0586,2023-11-16,105.51
C0587,2023-11-14,96.28
C0588,2023-02-11,90.49
C0589,2023-03-27,77.05
C0589,2023-05-03,21.67
C0589,2023-05-26,103.13
C0589,2023-06-25,9.66
C0590,2023-02-17,55.15
C0590,2023-03-29,56.44
C0591,2023-08-02,44.69
C0591,2023-08-11,10.92
C0592,2023-09-27,58.67
C0593,2023-01-19,21.01
C0593,2023-08-30,54.32
C0593,2023-09-24,22.03
C0593,2023-12-13,23.57
C0594,2023-08-17,86.36
C0594,2023-09-07,9.78
C0595,2023-03-30,56.11
C0596,2023-10-17,37.21
C0597,2023-11-13,52.28
C0598,2023-07-27,28.37
C0599,2023-01-24,265.09
C0599,2023-02-13,23.18
C0599,2023-04-16,154.38
C0599,2023-05-25,89.21
C0599,2023-07-16,55.4
C0599,2023-12-18,141.16
C0600,2023-03-08,71.27
C0600,2023-05-21,55.92
C0600,2023-09-17,29.65
C0601,2023-01-08,103.23
C0601,2023-02-09,25.11
C0601,2023-03-14,50.6
C0601,2023-08-15,52.94
C0601,2023-08-26,39.65
C0601,2023-10-22,26.03
C0601,2023-12-27,41.61
C0602,2023-03-17,27.75
C0602,2023-04-26,38.78
C0602,2023-05-03,70.64
C0602,2023-05-18,57.85
C0602,2023-05-25,95.21
C0602,2023-09-05,34.23
C0602,2023-11-15,45.92
C0603,2023-02-08,45.37
C0603,2023-05-14,39.68
C0603,2023-09-09,82.9
C0603,2023-09-25,67.87
C0603,2023-11-24,10.5
C0604,2023-02-25,79.48
C0604,2023-08-18,62.11
C0604,2023-09-14,50.44
C0604,2023-09-17,86.35
C0604,2023-10-17,21.33
C0605,2023-03-16,55.42
C0605,2023-04-01,56.67
C0605,2023-09-19,51.33
C0605,2023-10-21,113.03
C0606,2023-01-26,15.68
C0606,2023-02-09,172.03
C0606,2023-05-06,71.58
C0606,2023-08-12,50.81
C0606,2023-09-12,61.75
C0607,2023-05-01,51.14
C0607,2023-08-03,63.19
C0607,2023-11-06,94.06
C0608,2023-01-11,87.5
C0608,2023-03-20,44.33
C0608,2023-04-05,45.61
C0608,2023-09-16,1.18
C0608,2023-10-15,133.37
C0608,2023-10-30,17.7
C0609,2023-01-22,161.62
C0609,2023-01-29,97.83
C0609,2023-02-08,28.02
C0609,2023-03-04,53.5
C0609,2023-03-09,23.82
C0609,2023-05-05,17.62
C0609,2023-07-18,37.65
C0610,2023-03-07,212.99
C0610,2023-06-20,46.38
C0610,2023-07-22,72.27
C0610,2023-10-14,130.58
C0610,2023-10-27,76.86
C0611,2023-12-31,13.62
C0612,2023-01-04,38.44
C0612,2023-08-17,61.4
C0612,2023-08-26,107.79
C0612,2023-09-14,227.69
C0613,2023-03-24,23.07
C0613,2023-06-04,67.62
C0613,2023-07-30,62.4
C0614,2023-02-02,15.09
C0614,2023-02-02,99.99
C0614,2023-08-06,117.44
C0614,2023-08-10,105.12
C0614,2023-12-17,64.92
C0615,2023-01-01,51.33
C0615,2023-01-25,101.83
C0615,2023-05-06,45.07
C0615,2023-06-04,148.38
C0615,2023-07-11,48.91
C0615,2023-10-31,3.78
C0615,2023-11-07,60.92
C0616,2023-03-07,96.57
C0616,2023-03-17,182.19
C0616,2023-04-09,98.66
C0616,2023-06-01,125.64
C0616,2023-06-01,98.23
C0616,2023-08-22,61.29
C0616,2023-08-27,87.85
C0617,2023-02-06,59.82
C0617,2023-04-23,116.08
C0617,2023-07-14,132.02
C0617,2023-08-22,51.04
C0617,2023-09-08,27.78
C0617,2023-10-04,14.28
C0617,2023-12-14,36.64
C0618,2023-01-07,30.9
C0618,2023-02-01,24.32
C0618,2023-10-19,211.7
C0618,2023-11-24,123.97
C0618,2023-12-08,120.97
C0619,2023-03-09,99.63
C0619,2023-04-16,27.07
C0619,2023-08-26,131.11
C0619,2023-12-01,61.5
C0620,2023-06-28,107.09
C0620,2023-08-30,192.08
C0620,2023-10-17,59.81
C0621,2023-01-07,11.14
C0621,2023-07-23,87.55
C0621,2023-08-20,123.16
C0621,2023-10-15,61.49
C0621,2023-11-28,93.46
C0622,2023-02-12,125.74
C0622,2023-10-20,65.9
C0622,2023-10-25,72.22
C0622,2023-11-05,108.21
C0622,2023-12-17,24.86
C0622,2023-12-20,121.96
C0623,2023-04-11,98.07
C0623,2023-05-24,30.05
C0623,2023-06-13,32.19
C0623,2023-11-25,31.3
C0623,2023-12-02,90.67
C0624,2023-02-27,50.4
C0624,2023-04-25,79.28
C0625,2023-01-04,9.09
C0625,2023-05-28,85.03
C0625,2023-07-18,168.53
C0625,2023-09-02,40.99
C0625,2023-09-28,8.02
C0625,2023-11-06,25.86
C0625,2023-11-28,111.62
C0626,2023-05-24,80.38
C0626,2023-06-04,220.71
C0626,2023-07-28,73.14
C0626,2023-11-26,75.9
C0626,2023-12-25,66.77
C0627,2023-03-29,69.66
C0627,2023-04-05,116.99
C0627,2023-05-07,97.6
C0627,2023-06-07,68.59
C0627,2023-06-20,23.04
C0628,2023-04-07,18.55
C0628,2023-06-10,32.52
C0628,2023-06-13,100.78
C0628,2023-07-15,86.52
C0629,2023-05-25,20.02
C0629,2023-06-24,61.0
C0629,2023-06-27,66.33
C0629,2023-11-24,303.01
C0629,2023-12-14,107.26
C0630,2023-01-04,16.36
C0630,2023-02-22,123.96
C0630,2023-02-22,61.49
C0630,2023-03-06,59.82
C0630,2023-07-14,23.99
C0630,2023-09-17,109.38
C0630,2023-10-22,86.61
C0631,2023-05-08,69.58
C0631,2023-06-01,138.85
C0631,2023-06-17,104.59
C0631,2023-08-18,27.93
C0632,2023-04-16,98.77
C0632,2023-06-05,193.21
C0632,2023-08-31,77.01
C0632,2023-11-21,126.32
C0633,2023-12-11,35.51
C0634,2023-03-20,34.73
C0634,2023-05-10,43.44
C0634,2023-05-28,33.3
C0635,2023-02-14,15.32
C0636,2023-01-20,42.37
C0636,2023-02-07,75.73
C0636,2023-02-24,34.55
C0636,2023-06-07,48.47
C0636,2023-07-04,91.96
C0636,2023-07-08,48.91
C0637,2023-01-26,64.7
C0637,2023-04-01,77.57
C0637,2023-04-03,15.41
C0637,2023-08-04,43.47
C0638,2023-02-16,64.5
C0638,2023-02-22,124.54
C0638,2023-03-26,23.14
C0638,2023-05-04,177.03
C0638,2023-10-10,63.62
C0638,2023-12-22,86.02
C0639,2023-06-26,38.2
C0639,2023-07-02,63.07
C0640,2023-01-15,163.99
C0640,2023-02-14,127.07
C0640,2023-06-01,52.11
C0640,2023-09-08,99.76
C0640,2023-10-08,168.17
C0640,2023-11-04,40.69
C0640,2023-12-29,54.89
C0641,2023-04-06,164.17
C0641,2023-04-21,40.4
C0641,2023-05-01,65.18
C0641,2023-05-06,42.22
C0641,2023-05-23,69.37
C0641,2023-08-26,42.16
C0641,2023-11-17,75.7
C0642,2023-08-27,70.61
C0643,2023-06-21,28.38
C0644,2023-02-08,62.75
C0644,2023-06-15,87.7
C0644,2023-08-10,92.33
C0645,2023-05-08,83.86
C0645,2023-06-02,34.66
C0645,2023-07-26,26.88
C0645,2023-08-25,18.96
C0645,2023-12-01,45.34
C0646,2023-04-24,62.33
C0646,2023-09-09,105.22
C0646,2023-09-12,44.38
C0646,2023-09-22,106.2
C0647,2023-01-08,13.86
C0647,2023-02-27,22.1
C0647,2023-04-29,52.06
C0647,2023-05-04,155.7
C0647,2023-05-13,98.71
C0647,2023-07-13,86.8
C0647,2023-11-15,119.31
C0648,2023-03-01,21.45
C0648,2023-08-05,44.23
C0649,2023-02-02,54.85
C0649,2023-08-23,111.1
C0650,2023-02-11,93.74
C0650,2023-04-08,45.26
C0650,2023-04-25,38.6
C0650,2023-10-23,17.94
C0651,2023-04-28,71.52
C0651,2023-05-04,14.69
C0651,2023-08-11,195.02
C0651,2023-08-24,100.3
C0651,2023-11-07,38.38
C0651,2023-11-08,70.31
C0652,2023-05-24,37.39
C0653,2023-05-02,44.43
C0653,2023-08-23,107.16
C0653,2023-09-20,204.99
C0653,2023-10-03,92.93
C0654,2023-06-17,58.33
C0655,2023-02-05,120.17
C0655,2023-07-23,10.45
C0655,2023-08-17,108.88
C0655,2023-10-16,27.81
C0655,2023-12-14,6.28
C0656,2023-01-20,106.24
C0656,2023-01-31,23.77
C0656,2023-04-15,112.06
C0656,2023-05-14,73.05
C0656,2023-07-31,11.57
C0657,2023-01-16,65.8
C0657,2023-02-15,48.27
C0657,2023-03-31,115.89
C0657,2023-04-13,149.81
C0657,2023-05-15,12.95
C0657,2023-07-24,14.84
C0658,2023-05-25,61.77
C0658,2023-07-08,57.19
C0658,2023-07-19,49.24
C0658,2023-07-28,90.56
C0658,2023-10-26,44.36
C0658,2023-12-14,144.93
C0659,2023-04-11,117.83
C0659,2023-12-06,50.12
C0660,2023-05-16,100.28
C0660,2023-07-08,103.52
C0660,2023-09-28,49.42
C0661,2023-06-11,9.73
C0662,2023-05-26,25.37
C0663,2023-02-13,198.32
C0663,2023-06-14,70.9
C0663,2023-08-08,160.5
C0663,2023-10-25,44.47
C0663,2023-11-15,27.59
C0663,2023-11-29,53.02
C0664,2023-07-12,3.1
C0664,2023-07-17,53.28
C0665,2023-04-02,10.32
C0665,2023-07-20,119.57
C0665,2023-08-24,57.04
C0666,2023-06-01,71.45
C0666,2023-08-08,170.45
C0666,2023-09-17,197.5
C0667,2023-01-12,97.69
C0667,2023-05-12,27.11
C0667,2023-07-14,185.93
C0667,2023-08-06,87.95
C0667,2023-12-09,92.44
C0668,2023-02-16,167.59
C0668,2023-03-03,125.22
C0668,2023-07-01,138.17
C0668,2023-12-07,97.94
C0669,2023-02-18,46.7
C0669,2023-04-08,62.37
C0669,2023-04-12,120.84
C0669,2023-05-08,46.83
C0669,2023-07-15,48.02
C0670,2023-09-21,102.21
C0671,2023-02-16,183.02
C0671,2023-03-01,80.78
C0671,2023-05-28,17.53
C0671,2023-07-06,137.56
C0671,2023-09-13,173.22
C0671,2023-11-16,105.34
C0671,2023-12-05,39.58
C0672,2023-04-08,113.71
C0672,2023-07-14,55.53
C0672,2023-11-25,28.66
C0672,2023-12-05,62.08
C0673,2023-02-26,18.8
C0673,2023-10-19,130.85
C0674,2023-09-11,61.98
C0674,2023-09-13,189.46
C0675,2023-04-09,96.47
C0675,2023-05-27,42.81
C0675,2023-07-15,108.89
C0675,2023-09-19,37.3
C0675,2023-10-31,92.08
C0675,2023-11-16,40.05
C0676,2023-02-23,153.58
C0676,2023-04-16,35.86
C0676,2023-04-24,48.09
C0676,2023-07-10,66.63
C0676,2023-08-31,68.95
C0677,2023-08-23,73.06
C0677,2023-11-03,222.94
C0678,2023-07-16,42.64
C0678,2023-07-20,53.74
C0678,2023-07-26,46.59
C0678,2023-11-26,170.48
C0678,2023-12-13,66.55
C0679,2023-04-09,87.17
C0679,2023-05-07,177.43
C0679,2023-05-25,155.9
C0679,2023-11-18,63.4
C0680,2023-03-18,36.89
C0680,2023-06-06,98.93
C0680,2023-08-13,122.46
C0680,2023-11-19,104.92
C0681,2023-05-15,35.53
C0682,2023-01-22,92.38
C0682,2023-06-18,93.7
C0682,2023-07-17,84.16
C0682,2023-09-04,52.15
C0682,2023-10-06,35.81
C0682,2023-11-04,52.02
C0683,2023-03-10,79.89
C0684,2023-06-03,41.3
C0685,2023-01-30,33.33
C0685,2023-03-31,288.99
C0685,2023-06-11,52.28
C0685,2023-08-13,106.96
C0685,2023-08-19,155.98
C0685,2023-10-23,92.38
C0685,2023-11-11,122.71
C0686,2023-01-03,32.9
C0686,2023-01-04,90.42
C0686,2023-03-27,14.04
C0686,2023-05-18,20.22
C0686,2023-09-23,45.54
C0686,2023-12-31,24.44
C0687,2023-01-22,66.34
C0688,2023-01-03,90.74
C0688,2023-02-21,23.19
C0688,2023-08-23,118.36
C0688,2023-10-09,204.67
C0688,2023-11-01,56.04
C0689,2023-01-01,96.44
C0689,2023-03-25,54.49
C0689,2023-04-19,49.63
C0689,2023-04-19,30.97
C0689,2023-09-19,132.38
C0689,2023-09-22,29.88
C0690,2023-01-27,82.22
C0690,2023-04-22,75.28
C0690,2023-09-03,42.58
C0690,2023-10-29,15.74
C0691,2023-05-12,52.94
C0691,2023-06-19,50.35
C0691,2023-07-06,96.55
C0691,2023-09-09,108.78
C0691,2023-11-28,18.48
C0692,2023-01-01,82.28
C0692,2023-01-31,50.38
C0692,2023-04-19,226.55
C0692,2023-06-07,38.87
C0692,2023-07-03,66.58
C0692,2023-08-21,83.01
C0692,2023-09-17,40.11
C0693,2023-03-21,70.96
C0693,2023-03-21,91.27
C0693,2023-03-30,64.53
C0693,2023-04-11,43.09
C0693,2023-04-22,8.47
C0693,2023-08-23,143.44
C0693,2023-10-28,34.86
C0694,2023-06-02,68.96
C0694,2023-06-10,47.43
C0694,2023-08-20,47.75
C0694,2023-10-10,9.13
C0694,2023-11-05,95.82
C0695,2023-04-24,63.25
C0695,2023-05-04,21.94
C0695,2023-12-07,110.22
C0696,2023-01-27,81.31
C0696,2023-10-31,191.74
C0697,2023-06-10,63.37
C0698,2023-02-07,135.51
C0699,2023-02-27,14.97
C0699,2023-02-27,30.27
C0699,2023-04-03,38.36
C0699,2023-05-09,59.42
C0699,2023-09-08,101.47
C0699,2023-09-18,132.38
C0699,2023-12-14,116.07
C0700,2023-01-07,121.75
C0700,2023-03-30,70.66
C0700,2023-05-06,49.99
C0700,2023-05-26,19.62
C0700,2023-07-01,63.6
C0700,2023-10-09,82.79
C0701,2023-11-07,55.23
C0702,2023-01-27,39.55
C0702,2023-03-11,151.1
C0702,2023-05-23,27.9
C0702,2023-06-11,50.23
C0702,2023-09-21,24.1
C0702,2023-12-09,117.18
C0703,2023-03-12,65.78
C0703,2023-08-09,32.55
C0703,2023-09-01,81.45
C0703,2023-10-16,190.37
C0703,2023-10-21,56.38
C0704,2023-03-13,124.82
C0704,2023-04-04,34.13
C0704,2023-07-24,117.63
C0704,2023-08-23,101.33
C0704,2023-10-26,27.58
C0705,2023-01-26,50.3
C0705,2023-12-13,69.54
C0706,2023-11-30,9.77
C0707,2023-04-15,126.94
C0707,2023-04-19,49.46
C0707,2023-06-14,125.55
C0708,2023-02-11,51.36
C0708,2023-07-10,41.99
C0708,2023-11-25,42.46
C0709,2023-01-01,9.99
C0709,2023-03-05,39.29
C0709,2023-05-07,48.1
C0710,2023-01-07,96.75
C0710,2023-01-27,67.51
C0710,2023-06-24,27.35
C0710,2023-08-18,46.43
C0710,2023-09-25,30.95
C0711,2023-04-08,54.56
C0711,2023-04-25,132.75
C0711,2023-06-17,20.97
C0711,2023-11-04,165.75
C0712,2023-04-07,40.09
C0712,2023-09-07,119.55
C0712,2023-09-09,36.83
C0712,2023-11-07,52.64
C0713,2023-01-26,92.03
C0713,2023-01-30,72.94
C0713,2023-04-01,138.03
C0713,2023-12-26,110.34
C0714,2023-03-09,82.32
C0714,2023-04-08,196.08
C0714,2023-04-10,61.19
C0714,2023-06-24,46.85
C0714,2023-10-03,61.5
C0714,2023-10-28,43.88
C0715,2023-02-02,65.48
C0716,2023-10-06,19.07
C0717,2023-04-30,49.51
C0717,2023-06-28,44.28
C0717,2023-09-17,12.03
C0717,2023-11-14,51.57
C0717,2023-12-07,94.09
C0718,2023-02-11,18.61
C0719,2023-04-18,65.07
C0719,2023-10-07,47.95
C0719,2023-11-17,100.32
C0720,2023-05-30,85.35
C0720,2023-06-23,53.0
C0720,2023-06-30,86.65
C0720,2023-07-15,122.59
C0720,2023-08-30,29.59
C0720,2023-10-09,49.4
C0720,2023-10-16,120.93
C0721,2023-06-26,31.83
C0721,2023-07-12,47.3
C0721,2023-09-26,100.62
C0721,2023-11-03,21.32
C0721,2023-11-14,133.33
C0721,2023-11-26,38.61
C0721,2023-12-13,97.61
C0722,2023-01-22,167.58
C0722,2023-02-02,72.1
C0722,2023-05-16,48.95
C0722,2023-07-22,42.64
C0722,2023-08-07,32.91
C0722,2023-09-21,95.2
C0723,2023-01-09,110.43
C0723,2023-01-16,73.81
C0723,2023-09-06,26.3
C0723,2023-09-19,97.67
C0723,2023-10-31,53.78
C0724,2023-02-24,103.78
C0725,2023-02-03,54.85
C0725,2023-07-14,55.77
C0725,2023-08-09,51.87
C0725,2023-08-13,62.03
C0725,2023-11-14,30.55
C0726,2023-01-29,58.56
C0726,2023-01-30,34.23
C0726,2023-03-14,27.86
C0726,2023-09-05,130.23
C0726,2023-11-02,43.03
C0727,2023-09-01,88.5
C0727,2023-10-04,19.8
C0728,2023-01-01,96.99
C0728,2023-05-13,156.4
C0729,2023-01-25,22.4
C0729,2023-12-23,55.02
C0730,2023-02-15,60.16
C0730,2023-06-10,18.42
C0730,2023-07-31,71.99
C0730,2023-08-10,36.57
C0730,2023-08-13,87.21
C0730,2023-08-31,36.59
C0730,2023-12-14,127.3
C0731,2023-01-20,110.5
C0731,2023-04-26,105.46
C0731,2023-05-15,164.9
C0731,2023-10-02,24.66
C0731,2023-12-07,183.6
C0731,2023-12-09,69.22
C0732,2023-01-04,85.28
C0732,2023-02-25,23.8
C0732,2023-08-27,140.17
C0732,2023-09-26,32.63
C0732,2023-11-22,71.47
C0732,2023-11-28,79.86
C0732,2023-11-29,19.01
C0733,2023-01-01,56.98
C0733,2023-06-17,110.2
C0733,2023-10-04,155.93
C0733,2023-10-23,53.22
C0733,2023-12-26,19.81
C0734,2023-03-30,86.69
C0734,2023-09-29,34.53
C0734,2023-10-26,50.04
C0734,2023-11-17,17.42
C0734,2023-11-25,90.23
C0735,2023-01-12,40.95
C0735,2023-07-01,167.4
C0735,2023-08-12,43.3
C0735,2023-08-28,46.72
C0736,2023-04-07,54.22
C0736,2023-04-09,246.07
C0736,2023-04-21,9.1
C0736,2023-06-01,55.22
C0736,2023-07-14,41.49
C0736,2023-12-19,216.75
C0737,2023-02-04,80.42
C0737,2023-02-04,94.16
C0737,2023-02-07,134.36
C0737,2023-03-04,63.93
C0737,2023-06-29,38.5
C0737,2023-08-12,219.57
C0737,2023-10-03,80.54
C0738,2023-01-12,34.66
C0738,2023-05-26,52.14
C0738,2023-06-21,121.98
C0738,2023-08-17,60.11
C0738,2023-10-12,62.56
C0738,2023-10-14,37.71
C0738,2023-12-04,37.49
C0739,2023-05-31,67.03
C0739,2023-07-09,59.79
C0739,2023-10-23,60.32
C0739,2023-10-30,124.22
C0740,2023-01-24,149.37
C0740,2023-03-09,106.21
C0740,2023-03-30,17.71
C0740,2023-06-06,20.63
C0740,2023-10-06,56.47
C0741,2023-01-07,57.24
C0742,2023-03-15,22.99
C0742,2023-03-27,68.77
C0742,2023-09-19,48.03
C0742,2023-10-06,45.7
C0742,2023-12-06,68.55
C0743,2023-07-03,53.09
C0743,2023-09-06,28.97
C0743,2023-09-13,121.75
C0743,2023-11-22,46.59
C0743,2023-11-24,223.52
C0743,2023-12-23,13.31
C0744,2023-06-14,23.52
C0744,2023-08-25,31.06
C0744,2023-12-20,13.19
C0745,2023-03-20,26.46
C0745,2023-06-23,33.06
C0746,2023-02-06,26.02
C0746,2023-04-28,102.89
C0746,2023-11-03,38.94
C0746,2023-12-05,33.68
C0746,2023-12-06,83.83
C0747,2023-04-24,74.03
C0747,2023-05-26,82.07
C0747,2023-06-14,62.8
C0747,2023-06-21,231.03
C0748,2023-10-20,49.95
C0749,2023-05-17,57.68
C0749,2023-12-04,31.78
C0750,2023-01-22,75.74
C0750,2023-05-10,154.48
C0750,2023-07-30,106.77
C0750,2023-08-29,96.34
C0750,2023-10-27,74.8
C0750,2023-11-19,48.21
C0751,2023-01-20,13.32
C0751,2023-04-13,264.11
C0751,2023-04-23,75.7
C0751,2023-09-16,21.84
C0751,2023-11-28,45.53
C0751,2023-12-15,19.06
C0751,2023-12-23,83.71
C0752,2023-03-02,100.02
C0752,2023-04-02,73.38
C0752,2023-05-08,29.15
C0752,2023-06-02,58.94
C0752,2023-09-11,111.98
C0752,2023-10-15,14.01
C0753,2023-04-14,306.96
C0753,2023-04-26,96.03
C0753,2023-06-21,155.52
C0753,2023-08-16,17.76
C0753,2023-08-27,28.3
C0753,2023-10-07,124.37
C0753,2023-10-08,43.28
C0754,2023-03-07,92.85
C0754,2023-06-19,97.11
C0754,2023-06-30,95.49
C0754,2023-07-03,48.52
C0754,2023-07-07,69.87
C0754,2023-12-31,119.8
C0755,2023-05-02,19.85
C0755,2023-05-26,110.45
C0755,2023-06-04,170.73
C0755,2023-11-06,25.97
C0756,2023-02-26,39.26
C0756,2023-08-04,103.57
C0756,2023-08-11,91.95
C0756,2023-10-17,112.82
C0757,2023-04-11,35.98
C0757,2023-06-25,98.65
C0757,2023-07-15,98.35
C0758,2023-01-31,87.77
C0758,2023-02-25,20.94
C0758,2023-06-22,33.02
C0758,2023-08-23,141.27
C0759,2023-04-08,57.62
C0759,2023-05-24,143.84
C0759,2023-06-23,65.89
C0759,2023-09-05,48.89
C0759,2023-09-19,48.55
C0759,2023-12-22,28.63
C0760,2023-01-20,54.01
C0760,2023-03-18,96.77
C0760,2023-06-09,113.22
C0760,2023-06-18,110.23
C0760,2023-08-16,73.78
C0760,2023-09-07,37.29
C0760,2023-11-03,71.56
C0761,2023-01-04,144.36
C0761,2023-02-20,69.91
C0761,2023-03-27,23.67
C0762,2023-01-25,38.13
C0762,2023-03-20,67.34
C0762,2023-10-16,79.81
C0763,2023-02-14,110.54
C0763,2023-04-30,112.27
C0763,2023-06-11,121.75
C0763,2023-06-30,57.08
C0763,2023-07-22,122.1
C0763,2023-08-15,38.06
C0763,2023-08-25,71.33
C0764,2023-04-21,69.51
C0764,2023-05-26,89.59
C0764,2023-07-29,27.22
C0764,2023-10-18,25.78
C0764,2023-11-08,19.07
C0765,2023-02-08,63.78
C0765,2023-05-27,58.18
C0765,2023-07-06,54.83
C0765,2023-07-30,55.95
C0765,2023-08-01,129.69
C0765,2023-10-01,122.01
C0766,2023-11-25,83.69
C0766,2023-11-26,51.18
C0766,2023-11-27,134.73
C0766,2023-12-23,148.58
C0767,2023-04-28,253.32
C0768,2023-02-20,217.94
C0768,2023-04-03,117.0
C0768,2023-05-30,43.13
C0768,2023-08-17,42.18
C0768,2023-09-13,22.32
C0768,2023-10-11,47.59
C0768,2023-11-10,93.48
C0769,2023-03-19,83.42
C0769,2023-04-04,55.42
C0769,2023-05-25,64.95
C0769,2023-08-05,62.04
C0769,2023-10-20,52.09
C0769,2023-11-29,64.24
C0769,2023-12-06,39.19
C0770,2023-03-22,89.39
C0770,2023-05-13,16.6
C0770,2023-05-15,86.61
C0770,2023-06-12,73.38
C0770,2023-10-02,130.5
C0770,2023-10-03,7.09
C0770,2023-12-17,169.4
C0771,2023-07-07,41.59
C0771,2023-09-24,170.62
C0772,2023-02-06,78.53
C0772,2023-03-08,116.21
C0772,2023-03-16,96.03
C0772,2023-03-20,63.58
C0772,2023-09-15,13.83
C0772,2023-11-28,44.19
C0773,2023-04-23,97.82
C0773,2023-12-29,42.92
C0774,2023-01-09,57.43
C0774,2023-02-18,42.18
C0774,2023-02-18,46.54
C0774,2023-09-29,77.23
C0775,2023-12-10,105.8
C0776,2023-03-02,26.97
C0776,2023-04-08,66.77
C0776,2023-09-24,82.27
C0776,2023-11-07,81.92
C0776,2023-12-30,48.14
C0777,2023-02-22,45.6
C0777,2023-05-24,70.46
C0777,2023-06-29,49.67
C0778,2023-01-12,83.6
C0778,2023-04-14,41.46
C0778,2023-04-28,64.92
C0778,2023-09-21,34.29
C0778,2023-09-22,33.44
C0778,2023-10-02,64.98
C0779,2023-01-03,67.35
C0779,2023-03-15,110.36
C0779,2023-03-15,65.22
C0779,2023-03-20,130.09
C0779,2023-04-20,41.17
C0779,2023-10-01,58.31
C0779,2023-10-17,57.47
C0780,2023-01-07,44.79
C0780,2023-05-30,73.6
C0780,2023-07-11,157.13
C0780,2023-08-06,74.97
C0780,2023-08-24,33.91
C0780,2023-09-13,34.07
C0780,2023-12-12,88.83
C0781,2023-01-21,37.18
C0781,2023-06-30,83.8
C0782,2023-02-08,37.67
C0782,2023-03-09,149.05
C0782,2023-05-06,75.8
C0782,2023-12-20,147.02
C0783,2023-10-19,44.75
C0784,2023-02-17,65.06
C0784,2023-08-03,39.56
C0784,2023-11-09,39.76
C0784,2023-11-21,112.93
C0784,2023-12-09,76.67
C0785,2023-02-12,52.98
C0785,2023-06-18,140.15
C0786,2023-07-11,53.6
C0786,2023-10-03,72.99
C0787,2023-04-01,41.35
C0787,2023-09-27,176.73
C0787,2023-09-29,10.54
C0787,2023-11-01,153.56
C0788,2023-10-27,91.46
C0789,2023-03-05,62.7
C0789,2023-06-25,95.07
C0789,2023-07-13,124.41
C0789,2023-09-10,11.83
C0789,2023-11-04,62.81
C0790,2023-01-03,245.77
C0790,2023-03-15,60.31
C0790,2023-03-25,15.34
C0790,2023-08-26,114.29
C0790,2023-11-04,92.22
C0791,2023-01-12,46.53
C0791,2023-03-25,70.74
C0791,2023-04-04,41.49
C0791,2023-04-19,70.08
C0791,2023-06-03,63.14
C0791,2023-08-02,46.05
C0792,2023-03-04,123.42
C0792,2023-10-09,53.29
C0792,2023-12-31,123.45
C0793,2023-05-25,56.96
C0793,2023-08-30,99.24
C0793,2023-09-29,77.26
C0793,2023-11-24,45.98
C0794,2023-04-01,101.45
C0794,2023-09-01,61.37
C0794,2023-09-28,179.39
C0795,2023-01-14,97.56
C0795,2023-03-20,83.52
C0795,2023-04-20,107.03
C0795,2023-05-11,62.07
C0796,2023-07-04,133.24
C0796,2023-07-09,26.86
C0796,2023-07-19,71.4
C0796,2023-08-03,89.12
C0796,2023-10-02,51.23
C0796,2023-11-22,68.09
C0796,2023-12-01,129.31
C0797,2023-01-16,233.34
C0797,2023-06-26,20.7
C0797,2023-09-14,163.69
C0797,2023-11-28,42.35
C0797,2023-12-14,19.83
C0798,2023-04-05,97.45
C0798,2023-11-20,62.38
C0798,2023-12-20,100.24
C0799,2023-01-09,97.81
C0799,2023-02-18,71.69
C0799,2023-03-02,52.27
C0799,2023-05-29,73.85
C0799,2023-08-27,59.08
C0799,2023-10-20,49.72
C0800,2023-01-17,17.41
C0800,2023-04-20,40.74
C0800,2023-05-15,154.56
C0800,2023-07-13,19.06
C0800,2023-11-29,70.96
C0801,2023-12-14,112.43
C0802,2023-03-19,59.29
C0802,2023-06-21,48.47
C0802,2023-07-15,178.19
C0802,2023-08-03,25.44
C0802,2023-12-16,165.91
C0803,2023-07-13,49.8
C0803,2023-07-27,161.78
C0803,2023-11-16,151.1
C0803,2023-12-05,21.18
C0804,2023-05-30,31.26
C0804,2023-07-05,9.11
C0804,2023-08-23,135.28
C0804,2023-09-28,42.65
C0804,2023-11-13,29.37
C0804,2023-11-26,81.69
C0805,2023-01-09,137.75
C0805,2023-04-24,132.82
C0805,2023-05-15,89.49
C0805,2023-06-01,97.27
C0805,2023-08-11,33.74
C0805,2023-10-31,63.7
C0805,2023-11-08,71.58
C0806,2023-03-05,80.73
C0806,2023-04-10,91.12
C0806,2023-04-13,25.53
C0806,2023-05-16,26.71
C0807,2023-04-14,37.13
C0807,2023-08-22,48.83
C0808,2023-03-10,46.22
C0809,2023-03-24,150.05
C0809,2023-04-30,94.81
C0809,2023-05-23,38.52
C0809,2023-06-28,102.24
C0809,2023-12-10,86.17
C0810,2023-01-20,37.45
C0810,2023-01-21,42.81
C0810,2023-04-18,15.35
C0810,2023-06-06,28.06
C0810,2023-11-01,115.08
C0811,2023-02-10,66.99
C0811,2023-04-08,21.41
C0811,2023-06-10,14.01
C0811,2023-08-11,52.61
C0811,2023-08-18,53.56
C0811,2023-10-18,24.54
C0812,2023-05-07,83.78
C0812,2023-05-08,68.56
C0812,2023-12-18,11.5
C0813,2023-01-13,120.92
C0813,2023-04-02,40.66
C0813,2023-05-04,28.54
C0813,2023-07-19,164.25
C0813,2023-10-27,74.38
C0814,2023-02-20,37.56
C0814,2023-04-06,11.31
C0814,2023-04-13,92.89
C0814,2023-04-20,12.2
C0814,2023-08-09,63.97
C0814,2023-10-05,53.61
C0814,2023-10-26,51.36
C0815,2023-08-24,20.3
C0815,2023-09-22,77.28
C0816,2023-01-25,59.83
C0816,2023-02-09,30.39
C0816,2023-06-19,149.66
C0816,2023-07-05,184.97
C0816,2023-12-11,58.79
C0816,2023-12-14,81.58
C0817,2023-01-25,1.3
C0817,2023-04-06,76.8
C0817,2023-05-05,80.48
C0817,2023-09-09,73.75
C0817,2023-10-29,112.05
C0817,2023-12-04,97.55
C0818,2023-02-22,140.47
C0818,2023-03-06,85.47
C0818,2023-05-24,71.22
C0818,2023-11-11,75.67
C0819,2023-01-07,70.39
C0819,2023-03-12,34.34
C0820,2023-01-24,28.1
C0820,2023-07-30,56.8
C0821,2023-03-14,158.24
C0821,2023-03-25,47.26
C0821,2023-06-20,58.41
C0822,2023-05-11,13.31
C0822,2023-06-09,63.9
C0822,2023-08-13,75.43
C0822,2023-12-25,32.42
C0823,2023-12-21,114.86
C0824,2023-06-03,79.43
C0825,2023-02-06,130.02
C0825,2023-04-19,77.21
C0825,2023-10-16,42.37
C0825,2023-10-28,29.61
C0825,2023-11-05,32.48
C0825,2023-11-21,184.38
C0826,2023-08-04,45.11
C0827,2023-03-12,66.47
C0827,2023-06-19,144.47
C0827,2023-06-23,75.05
C0827,2023-08-17,78.95
C0827,2023-12-24,52.57
C0828,2023-01-07,19.02
C0828,2023-06-01,85.49
C0828,2023-11-24,26.81
C0829,2023-02-06,74.82
C0829,2023-03-28,38.79
C0829,2023-04-23,29.26
C0829,2023-06-04,99.21
C0829,2023-11-14,177.05
C0829,2023-11-27,42.69
C0830,2023-01-26,80.53
C0830,2023-02-12,102.52
C0830,2023-04-07,68.56
C0830,2023-06-02,72.2
C0830,2023-07-17,49.59
C0830,2023-07-29,79.84
C0830,2023-10-13,29.97
C0831,2023-04-23,63.83
C0831,2023-05-05,23.66
C0831,2023-07-18,24.42
C0831,2023-09-04,51.07
C0831,2023-11-19,121.38
C0832,2023-05-28,33.42
C0832,2023-07-05,149.51
C0832,2023-09-16,89.12
C0832,2023-10-19,68.63
C0832,2023-10-21,77.86
C0832,2023-10-21,50.05
C0832,2023-12-08,142.48
C0833,2023-02-14,22.03
C0833,2023-06-04,95.57
C0833,2023-06-14,67.89
C0833,2023-06-25,93.59
C0833,2023-07-05,119.54
C0833,2023-10-23,76.39
C0833,2023-10-31,77.86
C0834,2023-05-04,122.21
C0835,2023-02-01,14.76
C0835,2023-02-25,76.4
C0835,2023-04-11,93.4
C0835,2023-04-15,86.64
C0835,2023-06-11,53.38
C0835,2023-10-03,32.09
C0835,2023-10-13,178.42
C0836,2023-04-28,38.97
C0836,2023-06-25,46.56
C0836,2023-10-05,50.15
C0836,2023-10-24,58.63
C0836,2023-12-17,93.18
C0837,2023-01-10,73.03
C0837,2023-03-17,57.73
C0837,2023-03-29,62.12
C0837,2023-05-21,14.97
C0837,2023-11-26,83.88
C0837,2023-12-20,61.14
C0838,2023-01-29,165.19
C0838,2023-04-13,86.27
C0839,2023-05-27,107.19
C0839,2023-12-26,169.66
C0840,2023-04-03,46.16
C0840,2023-04-15,48.64
C0840,2023-05-20,157.01
C0840,2023-05-20,143.75
C0840,2023-07-02,57.05
C0840,2023-07-12,126.22
C0840,2023-09-05,27.86
C0841,2023-01-14,115.9
C0841,2023-02-22,18.15
C0841,2023-03-22,45.62
C0841,2023-03-27,41.06
C0841,2023-05-03,62.7
C0841,2023-11-27,98.34
C0842,2023-01-17,246.59
C0842,2023-03-05,23.7
C0842,2023-04-15,134.79
C0842,2023-06-13,60.58
C0842,2023-09-25,57.35
C0842,2023-11-12,237.8
C0842,2023-11-20,151.86
C0843,2023-01-28,28.37
C0844,2023-10-02,109.75
C0844,2023-10-05,89.44
C0845,2023-02-07,46.31
C0846,2023-05-29,95.78
C0846,2023-09-13,50.27
C0846,2023-10-21,159.77
C0846,2023-11-27,55.06
C0847,2023-01-03,46.63
C0847,2023-01-16,52.36
C0847,2023-03-02,34.42
C0847,2023-10-25,101.19
C0848,2023-01-31,66.18
C0848,2023-05-02,100.18
C0849,2023-04-01,36.89
C0849,2023-06-07,38.42
C0849,2023-08-20,70.91
C0850,2023-03-22,28.45
C0850,2023-04-22,77.14
C0850,2023-09-15,46.98
C0850,2023-12-22,48.44
C0851,2023-03-08,19.59
C0851,2023-06-21,27.41
C0851,2023-11-15,61.97
C0851,2023-12-29,81.2
C0852,2023-04-20,42.61
C0852,2023-09-14,141.37
C0852,2023-10-04,76.24
C0852,2023-12-19,83.14
C0853,2023-06-09,153.49
C0853,2023-08-28,90.2
C0853,2023-10-16,57.07
C0853,2023-10-26,147.84
C0854,2023-04-06,56.07
C0854,2023-08-20,26.79
C0854,2023-09-27,199.81
C0854,2023-11-03,143.43
C0854,2023-11-04,19.38
C0854,2023-11-14,90.81
C0855,2023-02-13,8.17
C0855,2023-05-11,78.94
C0855,2023-07-14,73.55
C0855,2023-07-25,67.04
C0856,2023-01-13,57.79
C0856,2023-06-15,39.35
C0856,2023-06-20,48.04
C0856,2023-06-23,64.48
C0857,2023-02-10,56.36
C0858,2023-05-08,38.3
C0858,2023-06-11,61.04
C0858,2023-08-07,21.24
C0858,2023-08-24,124.8
C0859,2023-06-02,138.19
C0859,2023-06-24,23.12
C0859,2023-09-14,86.85
C0859,2023-10-04,81.09
C0859,2023-10-12,82.12
C0860,2023-02-07,78.18
C0860,2023-04-29,124.46
C0860,2023-06-14,93.36
C0860,2023-09-27,117.33
C0861,2023-02-03,50.37
C0861,2023-02-04,44.89
C0861,2023-06-01,45.11
C0861,2023-06-26,119.62
C0861,2023-10-17,112.31
C0862,2023-01-17,90.58
C0862,2023-02-02,112.13
C0862,2023-02-27,74.09
C0862,2023-05-12,188.08
C0862,2023-09-15,24.39
C0863,2023-04-28,28.41
C0863,2023-05-22,83.36
C0864,2023-02-07,11.92
C0864,2023-02-25,149.31
C0864,2023-08-31,41.06
C0864,2023-09-11,163.62
C0864,2023-10-22,113.2
C0865,2023-01-02,89.17
C0865,2023-04-23,59.56
C0865,2023-04-26,56.3
C0865,2023-11-15,59.69
C0865,2023-12-09,103.65
C0865,2023-12-23,104.23
C0866,2023-04-07,51.36
C0867,2023-01-26,39.21
C0867,2023-03-05,60.93
C0867,2023-05-27,12.63
C0867,2023-07-30,45.06
C0867,2023-11-02,77.75
C0867,2023-11-09,163.59
C0867,2023-12-22,94.34
C0868,2023-03-13,47.61
C0868,2023-08-23,101.49
C0869,2023-02-28,132.02
C0869,2023-04-12,22.15
C0870,2023-01-07,56.12
C0870,2023-03-18,54.39
C0870,2023-03-19,139.41
C0870,2023-03-24,59.25
C0870,2023-05-28,38.55
C0870,2023-05-28,74.56
C0870,2023-07-29,83.69
C0871,2023-01-19,56.53
C0871,2023-03-19,48.72
C0871,2023-08-01,116.87
C0871,2023-08-17,215.8
C0871,2023-10-06,25.36
C0872,2023-01-19,86.52
C0872,2023-11-25,57.72
C0873,2023-04-19,31.01
C0873,2023-10-05,64.06
C0874,2023-03-28,64.24
C0874,2023-05-07,112.69
C0874,2023-06-04,43.6
C0874,2023-09-16,17.82
C0874,2023-10-02,69.59
C0874,2023-11-02,95.71
C0874,2023-11-23,41.85
C0875,2023-02-11,135.23
C0875,2023-02-11,38.49
C0876,2023-02-06,39.14
C0876,2023-06-15,98.04
C0876,2023-08-03,112.41
C0877,2023-01-05,126.75
C0877,2023-01-29,153.64
C0877,2023-02-20,20.52
C0877,2023-04-18,130.12
C0877,2023-05-23,17.32
C0877,2023-08-06,9.88
C0877,2023-09-03,107.02
C0878,2023-03-09,75.83
C0878,2023-05-24,144.18
C0878,2023-06-04,24.43
C0878,2023-07-07,202.97
C0878,2023-08-13,126.49
C0878,2023-11-02,88.36
C0879,2023-03-27,70.81
C0880,2023-06-25,97.31
C0880,2023-07-03,103.11
C0880,2023-11-06,115.28
C0880,2023-11-30,128.88
C0880,2023-12-04,68.01
C0880,2023-12-20,11.2
C0881,2023-01-31,94.03
C0881,2023-03-13,103.14
C0881,2023-05-03,19.45
C0881,2023-06-27,59.11
C0881,2023-06-27,19.22
C0881,2023-10-14,52.8
C0882,2023-02-04,101.55
C0882,2023-12-08,34.31
C0883,2023-09-01,65.96
C0883,2023-10-12,150.16
C0883,2023-12-21,72.69
C0884,2023-03-30,50.15
C0884,2023-04-20,167.86
C0884,2023-06-09,94.79
C0884,2023-08-19,130.98
C0884,2023-12-16,68.98
C0884,2023-12-28,69.87
C0885,2023-03-20,145.73
C0885,2023-08-24,88.39
C0885,2023-09-23,55.48
C0886,2023-03-18,114.64
C0886,2023-12-25,58.28
C0887,2023-05-06,54.73
C0887,2023-08-04,86.79
C0887,2023-08-17,92.02
C0888,2023-11-09,35.42
C0888,2023-11-18,52.78
C0889,2023-01-04,63.99
C0889,2023-12-21,22.39
C0890,2023-01-18,83.57
C0890,2023-02-07,92.3
C0890,2023-02-16,31.85
C0890,2023-07-31,30.67
C0890,2023-08-27,96.9
C0890,2023-09-13,34.64
C0891,2023-03-12,80.72
C0891,2023-04-03,19.49
C0891,2023-08-28,73.66
C0891,2023-11-09,59.93
C0892,2023-04-02,26.13
C0893,2023-08-11,78.27
C0894,2023-07-27,52.77
C0894,2023-10-07,84.89
C0894,2023-11-07,105.58
C0894,2023-12-14,50.23
C0894,2023-12-15,75.25
C0895,2023-01-06,68.81
C0896,2023-09-07,68.25
C0897,2023-09-27,52.55
C0898,2023-01-02,31.42
C0899,2023-03-11,79.91
C0899,2023-04-21,23.12
C0899,2023-07-14,73.1
C0899,2023-07-17,29.6
C0899,2023-08-21,25.04
C0900,2023-07-29,49.94
C0900,2023-10-13,62.75
C0901,2023-04-07,83.02
C0901,2023-06-11,27.78
C0901,2023-07-08,91.4
C0901,2023-07-23,21.09
C0901,2023-07-28,19.39
C0902,2023-02-14,65.15
C0902,2023-03-26,55.75
C0902,2023-08-13,102.87
C0902,2023-10-31,49.94
C0902,2023-11-30,42.84
C0903,2023-02-01,114.05
C0903,2023-09-24,50.86
C0903,2023-10-19,151.35
C0903,2023-11-14,129.96
C0903,2023-12-05,36.45
C0903,2023-12-21,84.51
C0904,2023-02-02,51.3
C0904,2023-03-19,34.86
C0904,2023-04-10,100.22
C0904,2023-05-08,100.29
C0904,2023-05-17,40.58
C0904,2023-10-31,34.0
C0905,2023-04-20,49.45
C0905,2023-08-17,182.87
C0906,2023-03-10,69.45
C0906,2023-05-18,48.76
C0906,2023-08-28,108.48
C0906,2023-12-25,153.01
C0907,2023-01-27,68.66
C0907,2023-05-05,52.67
C0907,2023-08-20,90.83
C0907,2023-11-15,37.61
C0907,2023-11-22,26.3
C0908,2023-02-24,137.44
C0908,2023-04-25,114.41
C0908,2023-07-31,59.16
C0909,2023-02-06,36.33
C0909,2023-04-04,48.47
C0909,2023-08-10,38.28
C0909,2023-08-23,195.94
C0909,2023-09-06,80.82
C0909,2023-11-11,148.75
C0910,2023-04-15,86.07
C0910,2023-09-01,82.76
C0910,2023-09-03,34.03
C0910,2023-10-14,66.73
C0910,2023-11-25,11.02
C0911,2023-02-06,100.38
C0911,2023-05-22,92.31
C0911,2023-07-17,98.54
C0911,2023-10-20,38.04
C0911,2023-12-01,79.78
C0912,2023-06-30,110.74
C0912,2023-08-17,158.84
C0913,2023-04-12,58.75
C0914,2023-02-16,44.16
C0914,2023-05-21,85.66
C0914,2023-05-21,112.73
C0914,2023-07-13,121.78
C0914,2023-08-07,78.58
C0914,2023-12-08,135.94
C0915,2023-03-15,71.73
C0915,2023-03-29,107.97
C0915,2023-04-24,179.15
C0915,2023-05-11,79.56
C0915,2023-11-10,50.33
C0915,2023-12-10,138.92
C0916,2023-02-27,42.96
C0916,2023-04-10,76.81
C0917,2023-03-07,49.94
C0917,2023-05-25,13.89
C0918,2023-04-01,161.23
C0918,2023-07-04,38.61
C0918,2023-12-04,104.35
C0919,2023-02-07,67.77
C0919,2023-04-28,72.98
C0919,2023-10-04,34.2
C0920,2023-02-24,47.48
C0920,2023-03-02,51.59
C0920,2023-09-21,38.84
C0920,2023-11-19,21.42
C0921,2023-06-05,70.02
C0921,2023-08-04,175.79
C0921,2023-09-07,28.7
C0922,2023-04-14,81.56
C0922,2023-09-25,95.01
C0923,2023-04-30,41.68
C0923,2023-06-16,88.65
C0923,2023-10-18,30.41
C0924,2023-10-12,66.73
C0925,2023-01-31,39.17
C0925,2023-07-24,77.26
C0925,2023-11-26,136.15
C0925,2023-11-28,126.36
C0926,2023-07-28,19.24
C0926,2023-09-25,67.74
C0926,2023-12-06,46.94
C0927,2023-01-11,56.35
C0927,2023-02-03,55.45
C0927,2023-03-06,48.77
C0927,2023-04-01,124.82
C0927,2023-05-16,33.1
C0927,2023-10-01,47.27
C0928,2023-04-05,82.03
C0928,2023-04-11,49.87
C0928,2023-04-23,44.95
C0928,2023-06-08,122.76
C0928,2023-12-22,101.91
C0929,2023-02-14,152.81
C0929,2023-08-18,62.89
C0930,2023-03-05,56.12
C0930,2023-04-17,202.81
C0930,2023-05-12,55.69
C0930,2023-06-16,71.77
C0930,2023-10-16,51.34
C0930,2023-12-15,44.21
C0930,2023-12-26,98.61
C0931,2023-02-06,24.72
C0931,2023-05-25,45.23
C0931,2023-07-05,39.02
C0931,2023-08-12,33.93
C0931,2023-10-01,47.25
C0931,2023-12-30,74.4
C0932,2023-03-12,39.22
C0932,2023-05-27,75.51
C0932,2023-08-28,127.92
C0932,2023-12-02,14.59
C0933,2023-06-24,49.14
C0933,2023-06-29,22.78
C0933,2023-07-16,24.12
C0933,2023-09-02,80.54
C0933,2023-10-20,35.26
C0934,2023-05-05,80.52
C0934,2023-05-27,24.28
C0934,2023-07-09,52.76
C0934,2023-07-10,112.08
C0934,2023-10-12,199.33
C0935,2023-01-27,28.67
C0935,2023-04-19,71.95
C0935,2023-04-21,54.41
C0935,2023-07-03,10.22
C0935,2023-10-18,149.71
C0935,2023-11-13,14.11
C0935,2023-12-18,14.04
C0936,2023-01-05,152.73
C0936,2023-01-15,188.45
C0936,2023-04-10,70.96
C0936,2023-11-20,117.88
C0937,2023-03-31,49.15
C0937,2023-10-07,124.79
C0938,2023-03-19,34.48
C0938,2023-06-05,10.6
C0938,2023-06-06,55.7
C0938,2023-11-14,147.8
C0938,2023-12-09,137.03
C0939,2023-01-24,23.4
C0939,2023-07-13,115.85
C0939,2023-08-15,98.06
C0940,2023-03-20,60.17
C0940,2023-04-24,34.6
C0940,2023-07-12,40.57
C0940,2023-11-19,52.51
C0941,2023-01-11,104.44
C0941,2023-01-23,104.86
C0941,2023-03-14,149.67
C0941,2023-03-28,51.95
C0941,2023-10-28,71.92
C0942,2023-01-24,104.54
C0942,2023-01-28,53.64
C0942,2023-03-04,75.81
C0942,2023-06-11,156.03
C0942,2023-11-07,64.55
C0942,2023-12-03,78.25
C0943,2023-01-04,77.37
C0943,2023-05-15,23.19
C0943,2023-12-12,120.04
C0944,2023-03-30,84.34
C0944,2023-03-31,90.45
C0944,2023-07-24,51.59
C0944,2023-07-25,57.65
C0944,2023-08-19,15.12
C0944,2023-09-30,111.66
C0944,2023-10-24,34.89
C0945,2023-06-05,76.12
C0945,2023-06-06,23.42
C0945,2023-08-23,58.41
C0945,2023-08-24,101.89
C0945,2023-10-30,69.47
C0945,2023-11-03,44.55
C0945,2023-12-15,43.05
C0946,2023-02-01,107.79
C0946,2023-02-26,75.29
C0946,2023-03-27,14.58
C0946,2023-05-20,53.16
C0946,2023-09-16,45.28
C0946,2023-10-10,28.05
C0946,2023-12-22,109.8
C0947,2023-06-26,74.24
C0947,2023-09-14,62.09
C0948,2023-04-03,82.38
C0948,2023-10-23,44.32
C0948,2023-11-11,58.54
C0948,2023-12-23,46.78
C0949,2023-05-22,71.43
C0949,2023-08-20,18.24
C0949,2023-09-18,100.73
C0949,2023-10-10,257.65
C0949,2023-11-28,50.32
C0950,2023-07-03,70.56
C0951,2023-03-04,29.67
C0951,2023-03-15,91.78
C0951,2023-07-26,36.45
C0951,2023-09-14,55.61
C0952,2023-08-11,35.96
C0952,2023-09-19,111.7
C0953,2023-01-31,121.77
C0953,2023-02-07,35.72
C0953,2023-04-07,72.75
C0953,2023-06-21,147.64
C0953,2023-07-13,150.02
C0953,2023-08-23,202.21
C0953,2023-09-14,111.78
C0954,2023-01-17,99.92
C0954,2023-02-04,65.81
C0954,2023-04-19,21.35
C0954,2023-06-03,41.01
C0954,2023-06-21,56.55
C0954,2023-10-04,8.65
C0955,2023-02-06,70.16
C0955,2023-03-22,90.88
C0955,2023-03-26,47.82
C0955,2023-04-22,19.26
C0955,2023-07-02,61.99
C0955,2023-07-17,106.02
C0955,2023-08-01,122.77
C0956,2023-06-10,46.06
C0956,2023-11-24,19.79
C0957,2023-02-23,37.44
C0957,2023-03-17,19.5
C0957,2023-06-08,53.77
C0957,2023-08-09,65.72
C0957,2023-08-25,36.91
C0957,2023-09-23,11.8
C0957,2023-11-07,67.67
C0958,2023-01-14,13.92
C0958,2023-02-04,35.12
C0958,2023-03-19,130.75
C0958,2023-04-07,90.99
C0958,2023-04-18,69.18
C0958,2023-05-04,45.43
C0958,2023-05-07,31.34
C0959,2023-11-07,28.72
C0959,2023-12-07,79.11
C0960,2023-01-24,54.87
C0960,2023-03-27,117.42
C0960,2023-07-23,29.87
C0960,2023-08-15,68.82
C0960,2023-12-16,27.82
C0961,2023-03-27,39.22
C0961,2023-04-25,33.44
C0961,2023-07-28,92.7
C0961,2023-08-25,85.3
C0961,2023-09-05,34.5
C0961,2023-11-02,52.98
C0961,2023-11-19,56.66
C0962,2023-11-20,184.03
C0963,2023-12-05,99.28
C0964,2023-01-19,29.45
C0964,2023-06-30,25.05
C0965,2023-01-15,28.37
C0965,2023-03-08,35.12
C0965,2023-08-26,75.05
C0965,2023-10-12,139.29
C0965,2023-11-23,150.31
C0965,2023-12-03,26.08
C0965,2023-12-09,83.69
C0966,2023-04-19,35.35
C0966,2023-11-15,18.09
C0967,2023-01-01,23.64
C0967,2023-08-27,119.64
C0967,2023-09-27,235.72
C0967,2023-11-23,48.71
C0968,2023-01-31,91.92
C0968,2023-02-28,112.62
C0968,2023-06-07,17.16
C0968,2023-08-20,26.58
C0968,2023-09-25,38.16
C0968,2023-10-06,73.96
C0968,2023-12-21,23.09
C0969,2023-04-13,162.47
C0969,2023-05-30,115.06
C0970,2023-08-25,84.24
C0970,2023-11-19,49.99
C0971,2023-01-27,55.93
C0971,2023-03-17,188.72
C0971,2023-07-06,32.07
C0971,2023-09-13,117.07
C0971,2023-09-23,44.41
C0972,2023-02-09,84.27
C0972,2023-04-17,129.08
C0972,2023-04-30,39.61
C0972,2023-05-23,147.21
C0972,2023-07-10,39.35
C0972,2023-12-08,82.94
C0973,2023-01-02,54.08
C0973,2023-04-03,72.84
C0973,2023-06-16,50.3
C0973,2023-06-30,103.11
C0973,2023-08-25,16.67
C0973,2023-10-19,33.28
C0974,2023-07-13,130.83
C0974,2023-11-04,25.54
C0975,2023-03-11,56.67
C0975,2023-05-22,22.45
C0975,2023-05-22,79.64
C0975,2023-07-03,31.64
C0976,2023-03-03,73.9
C0976,2023-03-28,98.33
C0976,2023-04-07,56.98
C0976,2023-06-09,30.88
C0976,2023-06-12,103.45
C0976,2023-09-07,69.08
C0976,2023-11-09,104.22
C0977,2023-02-28,66.96
C0977,2023-03-12,19.51
C0977,2023-03-14,134.99
C0977,2023-11-08,122.23
C0978,2023-02-17,79.25
C0978,2023-04-26,54.23
C0978,2023-06-04,75.25
C0978,2023-12-28,94.1
C0979,2023-02-10,170.36
C0979,2023-05-08,146.92
C0979,2023-09-15,161.02
C0979,2023-09-23,92.52
C0979,2023-11-24,37.02
C0979,2023-11-25,34.95
C0979,2023-12-10,105.35
C0980,2023-02-06,156.29
C0980,2023-05-27,26.09
C0980,2023-08-05,14.71
C0980,2023-08-21,79.87
C0980,2023-08-28,39.5
C0980,2023-11-20,72.53
C0980,2023-12-30,44.61
C0981,2023-01-07,159.06
C0981,2023-02-24,9.86
C0981,2023-03-25,63.57
C0981,2023-05-19,27.18
C0981,2023-06-29,52.36
C0981,2023-09-07,62.9
C0982,2023-08-03,97.85
C0982,2023-11-08,124.94
C0982,2023-11-15,55.58
C0983,2023-02-22,121.05
C0983,2023-06-14,71.06
C0983,2023-08-30,196.55
C0983,2023-08-30,200.3
C0983,2023-10-02,107.28
C0983,2023-11-06,79.44
C0984,2023-02-22,219.52
C0984,2023-04-14,173.13
C0984,2023-08-04,86.15
C0984,2023-11-15,48.82
C0985,2023-06-11,90.03
C0985,2023-06-22,54.23
C0985,2023-09-09,45.43
C0985,2023-11-16,110.41
C0986,2023-06-25,53.48
C0986,2023-09-12,12.34
C0987,2023-07-29,80.37
C0987,2023-12-26,62.94
C0988,2023-05-05,152.69
C0988,2023-06-22,60.11
C0988,2023-07-01,68.05
C0988,2023-07-28,156.05
C0988,2023-10-23,88.19
C0988,2023-12-30,64.78
C0989,2023-02-14,84.92
C0989,2023-02-25,78.26
C0989,2023-10-14,20.1
C0990,2023-02-07,53.12
C0990,2023-02-22,121.86
C0991,2023-02-06,48.82
C0991,2023-03-21,51.71
C0991,2023-04-02,27.29
C0991,2023-07-23,53.95
C0991,2023-08-19,191.42
C0991,2023-09-21,91.12
C0991,2023-12-04,36.41
C0992,2023-01-29,9.55
C0992,2023-03-19,80.18
C0992,2023-04-01,22.5
C0992,2023-04-12,58.61
C0993,2023-01-10,22.03
C0993,2023-02-21,98.27
C0993,2023-04-13,6.84
C0993,2023-05-18,35.69
C0993,2023-06-28,33.44
C0993,2023-11-11,30.64
C0993,2023-12-09,98.71
C0994,2023-04-19,24.06
C0994,2023-06-06,88.0
C0994,2023-10-08,67.83
C0994,2023-10-14,80.1
C0994,2023-10-27,69.32
C0994,2023-12-06,46.8
C0995,2023-01-04,32.07
C0995,2023-02-14,44.17
C0995,2023-04-10,61.42
C0995,2023-04-17,15.03
C0995,2023-10-22,43.85
C0996,2023-01-22,38.83
C0996,2023-02-22,68.23
C0996,2023-03-19,144.46
C0996,2023-07-16,30.64
C0997,2023-01-11,57.59
C0997,2023-03-22,53.52
C0997,2023-12-24,61.91
C0998,2023-02-19,174.75
C0998,2023-03-15,18.47
C0998,2023-10-16,68.59
C0998,2023-10-28,13.15
C0998,2023-12-03,79.07
C0999,2023-09-02,73.39
C0999,2023-09-22,37.02
C0999,2023-10-19,221.89
C1000,2023-08-27,17.75
